modelo,seed,atributo,repeticao,queda_mcc
M0,42,rank,1,0.03364897275032713
M0,42,rank,2,0.04033686492779617
M0,42,rank,3,0.04637092372336776
M0,42,rank,4,0.03190065820898377
M0,42,rank,5,0.04070072228826009
M0,42,rank,6,0.038825225493920784
M0,42,rank,7,0.04636574806561887
M0,42,rank,8,0.03765988124988698
M0,42,rank,9,0.036223279491505056
M0,42,rank,10,0.035575055007716905
M0,42,rank_lag1,1,0.034951461981934245
M0,42,rank_lag1,2,0.022135571593334957
M0,42,rank_lag1,3,0.023730198483445653
M0,42,rank_lag1,4,0.028803692065187153
M0,42,rank_lag1,5,0.027410820379627554
M0,42,rank_lag1,6,0.030418947191194062
M0,42,rank_lag1,7,0.03414945187065574
M0,42,rank_lag1,8,0.025484176020095062
M0,42,rank_lag1,9,0.02429822939232995
M0,42,rank_lag1,10,0.02531565175224862
M0,42,rank_lag2,1,0.040240909935557706
M0,42,rank_lag2,2,0.03480704097394946
M0,42,rank_lag2,3,0.0344357079322129
M0,42,rank_lag2,4,0.03735585761474908
M0,42,rank_lag2,5,0.035318972962085304
M0,42,rank_lag2,6,0.027773169241515516
M0,42,rank_lag2,7,0.03167158877524659
M0,42,rank_lag2,8,0.03548595705956778
M0,42,rank_lag2,9,0.03748379118657835
M0,42,rank_lag2,10,0.04050957001143442
M0,42,variacao_1s,1,0.038278611814014624
M0,42,variacao_1s,2,0.040385465711478274
M0,42,variacao_1s,3,0.049366132679754565
M0,42,variacao_1s,4,0.04038030871080418
M0,42,variacao_1s,5,0.04266076429721287
M0,42,variacao_1s,6,0.04552504788171119
M0,42,variacao_1s,7,0.04908455144389462
M0,42,variacao_1s,8,0.045031631755660356
M0,42,variacao_1s,9,0.03076672266250191
M0,42,variacao_1s,10,0.038097170846907835
M0,42,peak_pos,1,0.03023740019843768
M0,42,peak_pos,2,0.033651462381009245
M0,42,peak_pos,3,0.03416486320646703
M0,42,peak_pos,4,0.04284555039283898
M0,42,peak_pos,5,0.03542679810791394
M0,42,peak_pos,6,0.03582693494905373
M0,42,peak_pos,7,0.036539952745188536
M0,42,peak_pos,8,0.03171915913896556
M0,42,peak_pos,9,0.04276964709092848
M0,42,peak_pos,10,0.03297416309102724
M0,42,distancia_pico,1,0.02733249137147828
M0,42,distancia_pico,2,0.02775565631335708
M0,42,distancia_pico,3,0.027203162587707247
M0,42,distancia_pico,4,0.020019135546174488
M0,42,distancia_pico,5,0.015721229368781148
M0,42,distancia_pico,6,0.021535841614301998
M0,42,distancia_pico,7,0.018371818407992346
M0,42,distancia_pico,8,0.022127602057668477
M0,42,distancia_pico,9,0.01960712021810382
M0,42,distancia_pico,10,0.020921829849493395
M0,42,semanas_na_parada,1,0.02920584655270786
M0,42,semanas_na_parada,2,0.027447256734833392
M0,42,semanas_na_parada,3,0.012364836833697268
M0,42,semanas_na_parada,4,0.01138242584202745
M0,42,semanas_na_parada,5,0.02492795366929118
M0,42,semanas_na_parada,6,0.030412458543405435
M0,42,semanas_na_parada,7,0.033173381939976376
M0,42,semanas_na_parada,8,0.012603112353478052
M0,42,semanas_na_parada,9,0.018516722581257694
M0,42,semanas_na_parada,10,0.0190234922752813
M0,42,hiato_semanas,1,-0.0003937038917605773
M0,42,hiato_semanas,2,-0.003400100711299231
M0,42,hiato_semanas,3,-0.0009496052431336444
M0,42,hiato_semanas,4,0.0004956409755192959
M0,42,hiato_semanas,5,0.0017198826122025723
M0,42,hiato_semanas,6,0.0014938482564832989
M0,42,hiato_semanas,7,-0.0019476177092016544
M0,42,hiato_semanas,8,0.0020309042515109788
M0,42,hiato_semanas,9,-0.0009496052431336444
M0,42,hiato_semanas,10,-0.0010815572162200526
M0,42,estreia,1,0.013916822089871106
M0,42,estreia,2,0.01054965435622951
M0,42,estreia,3,0.015829658559075283
M0,42,estreia,4,0.017059290133785016
M0,42,estreia,5,0.012408555838676533
M0,42,estreia,6,0.013593744074859027
M0,42,estreia,7,0.01799746662345736
M0,42,estreia,8,0.015036211327513288
M0,42,estreia,9,0.012016036178028017
M0,42,estreia,10,0.01394295055241071
M0,42,reentrada,1,0.009752525141264928
M0,42,reentrada,2,0.009032725116039253
M0,42,reentrada,3,0.010303495456959494
M0,42,reentrada,4,0.012499340803535736
M0,42,reentrada,5,0.009255265853446354
M0,42,reentrada,6,0.01247023174426834
M0,42,reentrada,7,0.00852316316008453
M0,42,reentrada,8,0.014838874271594055
M0,42,reentrada,9,0.01082164244719755
M0,42,reentrada,10,0.009281408723914364
M0,42,radio_rank,1,0.038985812329542374
M0,42,radio_rank,2,0.029390668668496406
M0,42,radio_rank,3,0.029638723128875166
M0,42,radio_rank,4,0.019675685497541368
M0,42,radio_rank,5,0.027672405907735842
M0,42,radio_rank,6,0.030240341449936786
M0,42,radio_rank,7,0.0279693371632955
M0,42,radio_rank,8,0.021242009512300042
M0,42,radio_rank,9,0.03507818144822758
M0,42,radio_rank,10,0.02885956654692237
M0,42,radio_presente,1,0.007700679272153982
M0,42,radio_presente,2,0.005281227606467626
M0,42,radio_presente,3,0.014741865213690863
M0,42,radio_presente,4,0.012924360183995537
M0,42,radio_presente,5,0.013371585465703384
M0,42,radio_presente,6,0.007982041062496947
M0,42,radio_presente,7,0.009346501387723
M0,42,radio_presente,8,0.009997325474245672
M0,42,radio_presente,9,0.013568626389221738
M0,42,radio_presente,10,0.015614600637399889
M0,42,streaming_rank,1,0.012224236946639627
M0,42,streaming_rank,2,0.011190532715964846
M0,42,streaming_rank,3,0.008992584511898882
M0,42,streaming_rank,4,0.0007954885835746717
M0,42,streaming_rank,5,0.005967407911224409
M0,42,streaming_rank,6,0.015242262547377788
M0,42,streaming_rank,7,0.01305600532456655
M0,42,streaming_rank,8,0.011091764113023511
M0,42,streaming_rank,9,0.00709862122057317
M0,42,streaming_rank,10,0.012271475334000359
M0,42,streaming_presente,1,0.0037500421249788973
M0,42,streaming_presente,2,0.0038033060312947786
M0,42,streaming_presente,3,0.012069019233803935
M0,42,streaming_presente,4,0.0058846879273441455
M0,42,streaming_presente,5,0.010256089058195694
M0,42,streaming_presente,6,0.005518874481529462
M0,42,streaming_presente,7,0.007184141793897092
M0,42,streaming_presente,8,0.012973813198952938
M0,42,streaming_presente,9,0.007844253812071683
M0,42,streaming_presente,10,0.01001578284730989
M0,42,digital_rank,1,0.019690955089631645
M0,42,digital_rank,2,0.011202403847308307
M0,42,digital_rank,3,0.006114388728191561
M0,42,digital_rank,4,0.005960744062208118
M0,42,digital_rank,5,0.007072608263581831
M0,42,digital_rank,6,0.01314708028426706
M0,42,digital_rank,7,0.017250686249783626
M0,42,digital_rank,8,0.011732955245475296
M0,42,digital_rank,9,0.014516029223318128
M0,42,digital_rank,10,0.013499633705564784
M0,42,digital_presente,1,0.007955675227737824
M0,42,digital_presente,2,0.003861507472992215
M0,42,digital_presente,3,0.002450867386590283
M0,42,digital_presente,4,0.0011749417778023907
M0,42,digital_presente,5,0.0037101374554308897
M0,42,digital_presente,6,-0.00435821741181025
M0,42,digital_presente,7,0.005195292852406497
M0,42,digital_presente,8,0.006261579009143758
M0,42,digital_presente,9,0.008967012151833431
M0,42,digital_presente,10,0.009267049391173537
M0,42,album_rank,1,0.05635737030302099
M0,42,album_rank,2,0.051207141268998946
M0,42,album_rank,3,0.040972446801422216
M0,42,album_rank,4,0.058551651181649844
M0,42,album_rank,5,0.05254280028982543
M0,42,album_rank,6,0.05457795199363176
M0,42,album_rank,7,0.06612295578426163
M0,42,album_rank,8,0.046342406238789005
M0,42,album_rank,9,0.050523847429853413
M0,42,album_rank,10,0.05894256189159941
M0,42,album_presente,1,0.019880939535080272
M0,42,album_presente,2,0.022417130192476153
M0,42,album_presente,3,0.019315438976330673
M0,42,album_presente,4,0.021891172919068447
M0,42,album_presente,5,0.02624300947508501
M0,42,album_presente,6,0.026830971747897114
M0,42,album_presente,7,0.015021135677356773
M0,42,album_presente,8,0.015934210023764772
M0,42,album_presente,9,0.023470384003650785
M0,42,album_presente,10,0.027174556153691465
M0,42,mes,1,0.016727770046654433
M0,42,mes,2,0.007411960840520482
M0,42,mes,3,0.009443182139314998
M0,42,mes,4,0.02116999364909028
M0,42,mes,5,0.009669082253970812
M0,42,mes,6,-0.002362394488421654
M0,42,mes,7,0.008036488127998842
M0,42,mes,8,0.011100757617354767
M0,42,mes,9,-0.0028804953585883364
M0,42,mes,10,0.015984771581152496
M0,42,semana_ano,1,0.026843176190404133
M0,42,semana_ano,2,0.033147143789552524
M0,42,semana_ano,3,0.021692839760294874
M0,42,semana_ano,4,0.018889789510224658
M0,42,semana_ano,5,0.02654723425997388
M0,42,semana_ano,6,0.025322564280398335
M0,42,semana_ano,7,0.0314123725631546
M0,42,semana_ano,8,0.029172069690601127
M0,42,semana_ano,9,0.024072180582891012
M0,42,semana_ano,10,0.01670339031726631
MRT,42,rank,1,0.031288498689880956
MRT,42,rank,2,0.03219729479880071
MRT,42,rank,3,0.0337526277511529
MRT,42,rank,4,0.036701328323275134
MRT,42,rank,5,0.03474199030681391
MRT,42,rank,6,0.03725767158393431
MRT,42,rank,7,0.03386294027439388
MRT,42,rank,8,0.034424196174891925
MRT,42,rank,9,0.029780651890558923
MRT,42,rank,10,0.03728034065960953
MRT,42,rank_lag1,1,0.028094377848672886
MRT,42,rank_lag1,2,0.01907085175286305
MRT,42,rank_lag1,3,0.01494392593354707
MRT,42,rank_lag1,4,0.02359778267546292
MRT,42,rank_lag1,5,0.02519083673914152
MRT,42,rank_lag1,6,0.02579269187861677
MRT,42,rank_lag1,7,0.01832298187556125
MRT,42,rank_lag1,8,0.022134509873360353
MRT,42,rank_lag1,9,0.0230640483533279
MRT,42,rank_lag1,10,0.01691589008998251
MRT,42,rank_lag2,1,0.03735909313917668
MRT,42,rank_lag2,2,0.03985751417754416
MRT,42,rank_lag2,3,0.040052957076763485
MRT,42,rank_lag2,4,0.055797941268765194
MRT,42,rank_lag2,5,0.0410723266303307
MRT,42,rank_lag2,6,0.03430228103299063
MRT,42,rank_lag2,7,0.0408109355830627
MRT,42,rank_lag2,8,0.03869103564806825
MRT,42,rank_lag2,9,0.0414383670706337
MRT,42,rank_lag2,10,0.045934706513502316
MRT,42,variacao_1s,1,0.05375605339287298
MRT,42,variacao_1s,2,0.056512467384473325
MRT,42,variacao_1s,3,0.05196213170918296
MRT,42,variacao_1s,4,0.04502778748382891
MRT,42,variacao_1s,5,0.042408103385611184
MRT,42,variacao_1s,6,0.05559214386676889
MRT,42,variacao_1s,7,0.059012359528438946
MRT,42,variacao_1s,8,0.050478199270009294
MRT,42,variacao_1s,9,0.04072111224212638
MRT,42,variacao_1s,10,0.04198098484243787
MRT,42,peak_pos,1,0.03466313592307391
MRT,42,peak_pos,2,0.036154776138500044
MRT,42,peak_pos,3,0.03487571015263796
MRT,42,peak_pos,4,0.04084004168314029
MRT,42,peak_pos,5,0.03698128729310543
MRT,42,peak_pos,6,0.031791773885918806
MRT,42,peak_pos,7,0.0380570311404565
MRT,42,peak_pos,8,0.025754376339597068
MRT,42,peak_pos,9,0.033013829240454345
MRT,42,peak_pos,10,0.04485010168688966
MRT,42,distancia_pico,1,0.0376471757750273
MRT,42,distancia_pico,2,0.026153185910641003
MRT,42,distancia_pico,3,0.036009914673107435
MRT,42,distancia_pico,4,0.018314112799075438
MRT,42,distancia_pico,5,0.02383703644738086
MRT,42,distancia_pico,6,0.029272230192019577
MRT,42,distancia_pico,7,0.01282143292707183
MRT,42,distancia_pico,8,0.021667164144929307
MRT,42,distancia_pico,9,0.02603515034878326
MRT,42,distancia_pico,10,0.028880135193138395
MRT,42,semanas_na_parada,1,0.02946083623509424
MRT,42,semanas_na_parada,2,0.030561025145807885
MRT,42,semanas_na_parada,3,0.01220255857833022
MRT,42,semanas_na_parada,4,0.013121072448507687
MRT,42,semanas_na_parada,5,0.024501821555846515
MRT,42,semanas_na_parada,6,0.03361300359972358
MRT,42,semanas_na_parada,7,0.02988516273135705
MRT,42,semanas_na_parada,8,0.021121846778163617
MRT,42,semanas_na_parada,9,0.024040054394868476
MRT,42,semanas_na_parada,10,0.02191456795174629
MRT,42,hiato_semanas,1,0.005334229048968325
MRT,42,hiato_semanas,2,0.004023510724296214
MRT,42,hiato_semanas,3,0.0049929987550714205
MRT,42,hiato_semanas,4,0.00448292008332124
MRT,42,hiato_semanas,5,0.00883783646114697
MRT,42,hiato_semanas,6,0.0060805907283141
MRT,42,hiato_semanas,7,0.0016417875954677918
MRT,42,hiato_semanas,8,0.005775148985396356
MRT,42,hiato_semanas,9,0.004619190443412691
MRT,42,hiato_semanas,10,0.0038878381905596004
MRT,42,estreia,1,0.03967024508990219
MRT,42,estreia,2,0.030034389719462984
MRT,42,estreia,3,0.04011009849348246
MRT,42,estreia,4,0.03015647476230157
MRT,42,estreia,5,0.02727114945977427
MRT,42,estreia,6,0.039013348613309795
MRT,42,estreia,7,0.023448081563189893
MRT,42,estreia,8,0.040083274776980066
MRT,42,estreia,9,0.030172733397595852
MRT,42,estreia,10,0.03957297345763036
MRT,42,reentrada,1,0.01413173329900233
MRT,42,reentrada,2,0.011648880664439226
MRT,42,reentrada,3,0.01597937870412
MRT,42,reentrada,4,0.017458418803823067
MRT,42,reentrada,5,0.013889910678805073
MRT,42,reentrada,6,0.013648154238927679
MRT,42,reentrada,7,0.014461233928429323
MRT,42,reentrada,8,0.017827228572878356
MRT,42,reentrada,9,0.01459443385933687
MRT,42,reentrada,10,0.014551496935899771
MRT,42,radio_rank,1,0.04016710719277647
MRT,42,radio_rank,2,0.03793498786769131
MRT,42,radio_rank,3,0.03338432932390825
MRT,42,radio_rank,4,0.023637181945243196
MRT,42,radio_rank,5,0.037678558028247155
MRT,42,radio_rank,6,0.039053944052339834
MRT,42,radio_rank,7,0.030155819535088946
MRT,42,radio_rank,8,0.0349700226362884
MRT,42,radio_rank,9,0.039566165355234495
MRT,42,radio_rank,10,0.032810184698071065
MRT,42,radio_presente,1,0.003058960095290608
MRT,42,radio_presente,2,0.0023874344476575993
MRT,42,radio_presente,3,0.009265340705766706
MRT,42,radio_presente,4,0.009020605241270907
MRT,42,radio_presente,5,0.007175536498691487
MRT,42,radio_presente,6,0.004879383357886069
MRT,42,radio_presente,7,0.01795580231144983
MRT,42,radio_presente,8,0.008846265190806085
MRT,42,radio_presente,9,0.011188149606868425
MRT,42,radio_presente,10,0.003938138606334851
MRT,42,streaming_rank,1,0.009059260923991397
MRT,42,streaming_rank,2,0.014555301514215163
MRT,42,streaming_rank,3,0.007117103725582968
MRT,42,streaming_rank,4,0.009422023198935453
MRT,42,streaming_rank,5,0.013814115459146126
MRT,42,streaming_rank,6,0.013814115459146126
MRT,42,streaming_rank,7,0.017993621861131154
MRT,42,streaming_rank,8,0.010901803120168696
MRT,42,streaming_rank,9,0.008675944376386913
MRT,42,streaming_rank,10,0.011301437121338076
MRT,42,streaming_presente,1,0.01276818268667948
MRT,42,streaming_presente,2,0.010023162299729577
MRT,42,streaming_presente,3,0.009471550410446117
MRT,42,streaming_presente,4,0.009588276101906101
MRT,42,streaming_presente,5,0.011417931879754456
MRT,42,streaming_presente,6,0.0059523519677633085
MRT,42,streaming_presente,7,0.013452622346345727
MRT,42,streaming_presente,8,0.009692987080063303
MRT,42,streaming_presente,9,0.014016016058738257
MRT,42,streaming_presente,10,0.018762017051418528
MRT,42,digital_rank,1,0.015539657842903037
MRT,42,digital_rank,2,0.01152523230825947
MRT,42,digital_rank,3,0.009532216483270711
MRT,42,digital_rank,4,0.006030916070178471
MRT,42,digital_rank,5,0.00348914862382807
MRT,42,digital_rank,6,0.017596473188078054
MRT,42,digital_rank,7,0.009946664584911058
MRT,42,digital_rank,8,0.011117773633940647
MRT,42,digital_rank,9,0.005529055849684716
MRT,42,digital_rank,10,0.010477288125734868
MRT,42,digital_presente,1,0.0002596410716589337
MRT,42,digital_presente,2,0.007461314832438004
MRT,42,digital_presente,3,0.003136511999171143
MRT,42,digital_presente,4,-0.001543992095487584
MRT,42,digital_presente,5,0.0013796805716732585
MRT,42,digital_presente,6,0.003628232960897426
MRT,42,digital_presente,7,0.002812122488560831
MRT,42,digital_presente,8,0.005167981469669486
MRT,42,digital_presente,9,0.0028288738986822215
MRT,42,digital_presente,10,0.0074347180110187205
MRT,42,album_rank,1,0.0440191729940958
MRT,42,album_rank,2,0.04261174985459709
MRT,42,album_rank,3,0.031341246308277365
MRT,42,album_rank,4,0.04935329566420388
MRT,42,album_rank,5,0.047372267131473716
MRT,42,album_rank,6,0.04909139989766517
MRT,42,album_rank,7,0.053034066126477014
MRT,42,album_rank,8,0.047084814773143385
MRT,42,album_rank,9,0.035850166499999864
MRT,42,album_rank,10,0.043974150664079364
MRT,42,album_presente,1,0.010353072181936818
MRT,42,album_presente,2,0.0094352403045673
MRT,42,album_presente,3,0.012011850471779911
MRT,42,album_presente,4,0.009268225449413248
MRT,42,album_presente,5,0.01453343931188189
MRT,42,album_presente,6,0.01598657751286381
MRT,42,album_presente,7,0.00851453794035692
MRT,42,album_presente,8,0.007935557822301958
MRT,42,album_presente,9,0.014286001210158661
MRT,42,album_presente,10,0.010187723930933257
MRT,42,mes,1,0.01934561057516121
MRT,42,mes,2,0.001468256444738164
MRT,42,mes,3,0.009582257630690427
MRT,42,mes,4,0.01342623251876568
MRT,42,mes,5,0.010576244281653407
MRT,42,mes,6,0.003856830064977279
MRT,42,mes,7,0.006618101680379296
MRT,42,mes,8,0.012308948213152204
MRT,42,mes,9,0.005722804413008736
MRT,42,mes,10,0.010168578588510002
MRT,42,semana_ano,1,0.023852763525942733
MRT,42,semana_ano,2,0.03432090867206203
MRT,42,semana_ano,3,0.021168952895779997
MRT,42,semana_ano,4,0.02697766963631809
MRT,42,semana_ano,5,0.029014676138813034
MRT,42,semana_ano,6,0.03284928036807527
MRT,42,semana_ano,7,0.03215728576131391
MRT,42,semana_ano,8,0.03580419234197099
MRT,42,semana_ano,9,0.028407262866989358
MRT,42,semana_ano,10,0.027237996734043313
MREC,42,rank,1,0.04380842399742155
MREC,42,rank,2,0.05083978605345656
MREC,42,rank,3,0.042288736519158654
MREC,42,rank,4,0.05066907849040514
MREC,42,rank,5,0.05540763734561416
MREC,42,rank,6,0.052247549084456724
MREC,42,rank,7,0.05924308209144112
MREC,42,rank,8,0.05468215321696862
MREC,42,rank,9,0.048985341561523815
MREC,42,rank,10,0.05466498564854595
MREC,42,rank_lag1,1,0.01948470061488075
MREC,42,rank_lag1,2,0.027786256250418806
MREC,42,rank_lag1,3,0.021021132645371116
MREC,42,rank_lag1,4,0.024081100253876747
MREC,42,rank_lag1,5,0.0218155839933456
MREC,42,rank_lag1,6,0.04262741612618012
MREC,42,rank_lag1,7,0.0257830874566988
MREC,42,rank_lag1,8,0.028110718596589368
MREC,42,rank_lag1,9,0.01902490118140643
MREC,42,rank_lag1,10,0.024197402791652944
MREC,42,rank_lag2,1,0.018868964570974256
MREC,42,rank_lag2,2,0.03182520566933075
MREC,42,rank_lag2,3,0.01979295043004778
MREC,42,rank_lag2,4,0.026133884558407344
MREC,42,rank_lag2,5,0.024503259692276153
MREC,42,rank_lag2,6,0.026220184874576113
MREC,42,rank_lag2,7,0.017383369163373824
MREC,42,rank_lag2,8,0.03474553334793409
MREC,42,rank_lag2,9,0.015711361043868416
MREC,42,rank_lag2,10,0.02683719914865826
MREC,42,variacao_1s,1,0.01888733944132409
MREC,42,variacao_1s,2,0.0345519628939725
MREC,42,variacao_1s,3,0.0176498899669347
MREC,42,variacao_1s,4,0.02424256287055307
MREC,42,variacao_1s,5,0.021852976416642966
MREC,42,variacao_1s,6,0.020255871592462865
MREC,42,variacao_1s,7,0.019844082646130856
MREC,42,variacao_1s,8,0.019844082646130856
MREC,42,variacao_1s,9,0.01567533997091658
MREC,42,variacao_1s,10,0.008780876761110334
MREC,42,peak_pos,1,0.005686678230041098
MREC,42,peak_pos,2,0.008276595821902932
MREC,42,peak_pos,3,0.010998398223604239
MREC,42,peak_pos,4,0.007312844676946262
MREC,42,peak_pos,5,0.01074055381865685
MREC,42,peak_pos,6,0.014246114216686173
MREC,42,peak_pos,7,0.016119096240694353
MREC,42,peak_pos,8,0.012032161901173455
MREC,42,peak_pos,9,0.011153658390951976
MREC,42,peak_pos,10,0.005753755396765647
MREC,42,distancia_pico,1,0.017721431277822858
MREC,42,distancia_pico,2,0.00856736896128757
MREC,42,distancia_pico,3,0.011824184949647182
MREC,42,distancia_pico,4,0.010962257233901679
MREC,42,distancia_pico,5,0.01353800958222115
MREC,42,distancia_pico,6,0.02594952711422227
MREC,42,distancia_pico,7,0.014004841563655446
MREC,42,distancia_pico,8,0.013882690025887046
MREC,42,distancia_pico,9,0.020627029143300918
MREC,42,distancia_pico,10,0.010606279873203617
MREC,42,semanas_na_parada,1,0.016915598807267396
MREC,42,semanas_na_parada,2,0.019736557211738365
MREC,42,semanas_na_parada,3,0.016000204870579487
MREC,42,semanas_na_parada,4,0.012952749987152123
MREC,42,semanas_na_parada,5,0.018487122285232138
MREC,42,semanas_na_parada,6,0.022615725473485948
MREC,42,semanas_na_parada,7,0.012343477213489329
MREC,42,semanas_na_parada,8,0.025548131813665054
MREC,42,semanas_na_parada,9,0.009841527557942736
MREC,42,semanas_na_parada,10,0.016873700551070958
MREC,42,hiato_semanas,1,-0.0020035953662300154
MREC,42,hiato_semanas,2,-0.001300305777650168
MREC,42,hiato_semanas,3,0.0011070618846715508
MREC,42,hiato_semanas,4,-0.0001814851831610509
MREC,42,hiato_semanas,5,0.00016538992398965058
MREC,42,hiato_semanas,6,-0.0010482967778459307
MREC,42,hiato_semanas,7,-0.0012163157079262965
MREC,42,hiato_semanas,8,-0.0001814851831610509
MREC,42,hiato_semanas,9,-0.0008669739712424129
MREC,42,hiato_semanas,10,-0.0001814851831610509
MREC,42,estreia,1,0.014765722330756764
MREC,42,estreia,2,0.01895476621841377
MREC,42,estreia,3,0.022505804245051136
MREC,42,estreia,4,0.026189381849359733
MREC,42,estreia,5,0.02840361960904139
MREC,42,estreia,6,0.024030291211406152
MREC,42,estreia,7,0.021785905317650206
MREC,42,estreia,8,0.028379720715141943
MREC,42,estreia,9,0.024766382753357907
MREC,42,estreia,10,0.020649356836329597
MREC,42,reentrada,1,0.016745416272674868
MREC,42,reentrada,2,0.01731947777574991
MREC,42,reentrada,3,0.01803887568011625
MREC,42,reentrada,4,0.014876742406564086
MREC,42,reentrada,5,0.016853495924199935
MREC,42,reentrada,6,0.019627000886007023
MREC,42,reentrada,7,0.010149782187619777
MREC,42,reentrada,8,0.0199786792601169
MREC,42,reentrada,9,0.016153740495533614
MREC,42,reentrada,10,0.014090722666137201
MREC,42,radio_rank,1,0.04537975917936539
MREC,42,radio_rank,2,0.039938072287765636
MREC,42,radio_rank,3,0.034097138562751594
MREC,42,radio_rank,4,0.03898942576234282
MREC,42,radio_rank,5,0.033380064324518066
MREC,42,radio_rank,6,0.044707543061928035
MREC,42,radio_rank,7,0.03555227891268137
MREC,42,radio_rank,8,0.03660178410539022
MREC,42,radio_rank,9,0.03808241453853789
MREC,42,radio_rank,10,0.034730280266971
MREC,42,radio_presente,1,-0.003492464429326242
MREC,42,radio_presente,2,-0.0035209500399668026
MREC,42,radio_presente,3,0.0024746199740112995
MREC,42,radio_presente,4,-0.0029536893188662483
MREC,42,radio_presente,5,-0.010885544299549799
MREC,42,radio_presente,6,-0.0011512250751836428
MREC,42,radio_presente,7,-0.002856199097516249
MREC,42,radio_presente,8,0.004769564686439243
MREC,42,radio_presente,9,-0.0024403516695644667
MREC,42,radio_presente,10,-0.00011119886638821797
MREC,42,streaming_rank,1,0.01464965186695727
MREC,42,streaming_rank,2,0.018147433146898678
MREC,42,streaming_rank,3,0.01836572097959241
MREC,42,streaming_rank,4,0.022528638436505766
MREC,42,streaming_rank,5,0.023235956169168154
MREC,42,streaming_rank,6,0.023305580609329413
MREC,42,streaming_rank,7,0.02052002184120144
MREC,42,streaming_rank,8,0.02148192599581772
MREC,42,streaming_rank,9,0.017786947008759435
MREC,42,streaming_rank,10,0.020589845083664016
MREC,42,streaming_presente,1,-0.00036146160090808066
MREC,42,streaming_presente,2,0.006426538295772999
MREC,42,streaming_presente,3,0.000735482032282464
MREC,42,streaming_presente,4,0.00428010135309384
MREC,42,streaming_presente,5,0.007551345201677134
MREC,42,streaming_presente,6,0.005057547894067899
MREC,42,streaming_presente,7,0.002032043275785461
MREC,42,streaming_presente,8,0.009643474590801365
MREC,42,streaming_presente,9,0.009101215538704382
MREC,42,streaming_presente,10,-0.0012958077409028768
MREC,42,digital_rank,1,0.010295317648456204
MREC,42,digital_rank,2,0.00876590876149469
MREC,42,digital_rank,3,0.01247219180211323
MREC,42,digital_rank,4,0.0034806122203381584
MREC,42,digital_rank,5,0.006071456069006359
MREC,42,digital_rank,6,0.01495765319207562
MREC,42,digital_rank,7,0.01728162479911427
MREC,42,digital_rank,8,0.004440145875969831
MREC,42,digital_rank,9,0.011055042322074077
MREC,42,digital_rank,10,0.006398097615256948
MREC,42,digital_presente,1,0.0003326829376234519
MREC,42,digital_presente,2,0.0077344557243481105
MREC,42,digital_presente,3,0.005290240900396537
MREC,42,digital_presente,4,0.00017934929860069504
MREC,42,digital_presente,5,0.0012096576577145524
MREC,42,digital_presente,6,0.005306079568561578
MREC,42,digital_presente,7,-0.0029375499412175043
MREC,42,digital_presente,8,-0.0020031243570692026
MREC,42,digital_presente,9,-0.0009131076276449046
MREC,42,digital_presente,10,0.007949787020969518
MREC,42,album_rank,1,0.04998602007457899
MREC,42,album_rank,2,0.05073646234987435
MREC,42,album_rank,3,0.04052046111516519
MREC,42,album_rank,4,0.04789649833997364
MREC,42,album_rank,5,0.03841973220548431
MREC,42,album_rank,6,0.047094069222950716
MREC,42,album_rank,7,0.05315872804442012
MREC,42,album_rank,8,0.05345556593877007
MREC,42,album_rank,9,0.05146841097332194
MREC,42,album_rank,10,0.045099591862561975
MREC,42,album_presente,1,0.03238456619619451
MREC,42,album_presente,2,0.023674208022272325
MREC,42,album_presente,3,0.015261106873038749
MREC,42,album_presente,4,0.01874038921624313
MREC,42,album_presente,5,0.01968552468488824
MREC,42,album_presente,6,0.024268121948817334
MREC,42,album_presente,7,0.01661532720145506
MREC,42,album_presente,8,0.025854972019337924
MREC,42,album_presente,9,0.0276544578357987
MREC,42,album_presente,10,0.022495760612076116
MREC,42,mes,1,0.033286426561469046
MREC,42,mes,2,0.020791723762320385
MREC,42,mes,3,0.01683431564699983
MREC,42,mes,4,0.019622349375727377
MREC,42,mes,5,0.033949001682494234
MREC,42,mes,6,0.028989348362080003
MREC,42,mes,7,0.014342176443087551
MREC,42,mes,8,0.02629640991389315
MREC,42,mes,9,0.01860359702136513
MREC,42,mes,10,0.02159350636149912
MREC,42,semana_ano,1,0.028696330482389842
MREC,42,semana_ano,2,0.030841565432840223
MREC,42,semana_ano,3,0.03333277097301099
MREC,42,semana_ano,4,0.03572193124558218
MREC,42,semana_ano,5,0.018762887690957603
MREC,42,semana_ano,6,0.03270829733308761
MREC,42,semana_ano,7,0.027743780925015477
MREC,42,semana_ano,8,0.025585188434729678
MREC,42,semana_ano,9,0.029671081166526225
MREC,42,semana_ano,10,0.03486253821736146
MFT,42,rank,1,0.037860666310977176
MFT,42,rank,2,0.04110401386310675
MFT,42,rank,3,0.036480069117974745
MFT,42,rank,4,0.04058589236006277
MFT,42,rank,5,0.0474353415088255
MFT,42,rank,6,0.04360494565845335
MFT,42,rank,7,0.0500642343301928
MFT,42,rank,8,0.048247837432190965
MFT,42,rank,9,0.04575975570360302
MFT,42,rank,10,0.04549347303358661
MFT,42,rank_lag1,1,0.021613957676358736
MFT,42,rank_lag1,2,0.02344276099786799
MFT,42,rank_lag1,3,0.02313755939500095
MFT,42,rank_lag1,4,0.021315876172911447
MFT,42,rank_lag1,5,0.028919818733804115
MFT,42,rank_lag1,6,0.03264080249236265
MFT,42,rank_lag1,7,0.022800857016988807
MFT,42,rank_lag1,8,0.020901406429749803
MFT,42,rank_lag1,9,0.025631062247235464
MFT,42,rank_lag1,10,0.023478363110629702
MFT,42,rank_lag2,1,0.037361698049677206
MFT,42,rank_lag2,2,0.03519124936285481
MFT,42,rank_lag2,3,0.035748460270756205
MFT,42,rank_lag2,4,0.03296421073633918
MFT,42,rank_lag2,5,0.03725363828910988
MFT,42,rank_lag2,6,0.030553829675663557
MFT,42,rank_lag2,7,0.031662639031822065
MFT,42,rank_lag2,8,0.033725638914277406
MFT,42,rank_lag2,9,0.030119030399397506
MFT,42,rank_lag2,10,0.0374891285057484
MFT,42,variacao_1s,1,0.03683682254792145
MFT,42,variacao_1s,2,0.03333374043245718
MFT,42,variacao_1s,3,0.04581580024690038
MFT,42,variacao_1s,4,0.042248118563377624
MFT,42,variacao_1s,5,0.037035536290709076
MFT,42,variacao_1s,6,0.054196532242737974
MFT,42,variacao_1s,7,0.052680356036385614
MFT,42,variacao_1s,8,0.04768977679367606
MFT,42,variacao_1s,9,0.040431632086522507
MFT,42,variacao_1s,10,0.0369210710431197
MFT,42,peak_pos,1,0.03900244587274926
MFT,42,peak_pos,2,0.044068815335303685
MFT,42,peak_pos,3,0.03951321615234235
MFT,42,peak_pos,4,0.03782589223348573
MFT,42,peak_pos,5,0.04365608401447807
MFT,42,peak_pos,6,0.04165848193156135
MFT,42,peak_pos,7,0.037419208053350306
MFT,42,peak_pos,8,0.040251212862206565
MFT,42,peak_pos,9,0.04523211993972118
MFT,42,peak_pos,10,0.04318828374609643
MFT,42,distancia_pico,1,0.022037923756877853
MFT,42,distancia_pico,2,0.009134402545655201
MFT,42,distancia_pico,3,0.022967297755993377
MFT,42,distancia_pico,4,0.013656873257663543
MFT,42,distancia_pico,5,0.007847924254866051
MFT,42,distancia_pico,6,0.02175161419922489
MFT,42,distancia_pico,7,0.007891301930637945
MFT,42,distancia_pico,8,0.01480909465321903
MFT,42,distancia_pico,9,0.019317321965449552
MFT,42,distancia_pico,10,0.01914832913192613
MFT,42,semanas_na_parada,1,0.02707336351189621
MFT,42,semanas_na_parada,2,0.023205490079232866
MFT,42,semanas_na_parada,3,0.01161204595834986
MFT,42,semanas_na_parada,4,0.014563023988589302
MFT,42,semanas_na_parada,5,0.015948302948049664
MFT,42,semanas_na_parada,6,0.023944590144896638
MFT,42,semanas_na_parada,7,0.03083198929934955
MFT,42,semanas_na_parada,8,0.013925609939433203
MFT,42,semanas_na_parada,9,0.019669663867340814
MFT,42,semanas_na_parada,10,0.020359648062923258
MFT,42,hiato_semanas,1,0.0011980038113291736
MFT,42,hiato_semanas,2,0.0033576347314774324
MFT,42,hiato_semanas,3,0.0024205443373741253
MFT,42,hiato_semanas,4,0.00250769195952924
MFT,42,hiato_semanas,5,0.0029653711345258016
MFT,42,hiato_semanas,6,0.0033350795992092563
MFT,42,hiato_semanas,7,0.0006320373155379866
MFT,42,hiato_semanas,8,0.003183806456585281
MFT,42,hiato_semanas,9,0.0013752547586106112
MFT,42,hiato_semanas,10,0.0027475226072767034
MFT,42,estreia,1,0.02462010059247413
MFT,42,estreia,2,0.017647745879821708
MFT,42,estreia,3,0.02520643091618288
MFT,42,estreia,4,0.028537944444507773
MFT,42,estreia,5,0.02119771903717979
MFT,42,estreia,6,0.02516637567925839
MFT,42,estreia,7,0.01858801970829249
MFT,42,estreia,8,0.016793003994390154
MFT,42,estreia,9,0.02057128473074668
MFT,42,estreia,10,0.02542710701961859
MFT,42,reentrada,1,0.009226378204410107
MFT,42,reentrada,2,0.010020113138191011
MFT,42,reentrada,3,0.008941365895739073
MFT,42,reentrada,4,0.011325222343249952
MFT,42,reentrada,5,0.009202672818161006
MFT,42,reentrada,6,0.012501840410787418
MFT,42,reentrada,7,0.00572140733422169
MFT,42,reentrada,8,0.012888142086320359
MFT,42,reentrada,9,0.01059539878196944
MFT,42,reentrada,10,0.01035225939948467
MFT,42,radio_rank,1,0.03291024895465092
MFT,42,radio_rank,2,0.029640362212511456
MFT,42,radio_rank,3,0.027339792164136456
MFT,42,radio_rank,4,0.023215990620205046
MFT,42,radio_rank,5,0.028198675260823758
MFT,42,radio_rank,6,0.027859128520324794
MFT,42,radio_rank,7,0.02339238995907994
MFT,42,radio_rank,8,0.027397384900081673
MFT,42,radio_rank,9,0.030346168418819514
MFT,42,radio_rank,10,0.02389403004429233
MFT,42,radio_presente,1,-0.003748303785094692
MFT,42,radio_presente,2,-0.0032348313441786514
MFT,42,radio_presente,3,0.0023392160791035066
MFT,42,radio_presente,4,0.0003622182313656741
MFT,42,radio_presente,5,0.00022423303079652235
MFT,42,radio_presente,6,-0.0002816045031480974
MFT,42,radio_presente,7,-0.001759480998877544
MFT,42,radio_presente,8,0.003359161122657689
MFT,42,radio_presente,9,0.0010505160344840003
MFT,42,radio_presente,10,0.0021346520569113514
MFT,42,streaming_rank,1,0.017378996443107336
MFT,42,streaming_rank,2,0.021787644268246004
MFT,42,streaming_rank,3,0.01567159006531607
MFT,42,streaming_rank,4,0.011507491952578663
MFT,42,streaming_rank,5,0.014049199117179556
MFT,42,streaming_rank,6,0.014711328738447549
MFT,42,streaming_rank,7,0.02021238082275026
MFT,42,streaming_rank,8,0.016749066512343536
MFT,42,streaming_rank,9,0.01982662382943981
MFT,42,streaming_rank,10,0.01925256954755844
MFT,42,streaming_presente,1,0.011958308897843328
MFT,42,streaming_presente,2,0.00754136445014808
MFT,42,streaming_presente,3,0.01418463282664345
MFT,42,streaming_presente,4,0.01099473013266436
MFT,42,streaming_presente,5,0.008822589152885474
MFT,42,streaming_presente,6,0.006999530182054625
MFT,42,streaming_presente,7,0.011252948826065534
MFT,42,streaming_presente,8,0.017938078749712177
MFT,42,streaming_presente,9,0.013372830965859589
MFT,42,streaming_presente,10,0.015279039391712795
MFT,42,digital_rank,1,0.016825017721928293
MFT,42,digital_rank,2,0.01060494317254021
MFT,42,digital_rank,3,0.009142545038611699
MFT,42,digital_rank,4,0.003139790894885197
MFT,42,digital_rank,5,-0.0004015122592037901
MFT,42,digital_rank,6,0.008684191636370964
MFT,42,digital_rank,7,0.012478269665705644
MFT,42,digital_rank,8,0.008230936075986961
MFT,42,digital_rank,9,0.005766250525758826
MFT,42,digital_rank,10,0.00808066082895631
MFT,42,digital_presente,1,0.008785821950520717
MFT,42,digital_presente,2,0.011058879048151948
MFT,42,digital_presente,3,0.012481058899133896
MFT,42,digital_presente,4,0.0028942367132581415
MFT,42,digital_presente,5,0.0031987192997283698
MFT,42,digital_presente,6,0.000868310294144109
MFT,42,digital_presente,7,0.007770389149738377
MFT,42,digital_presente,8,0.0012224094141884412
MFT,42,digital_presente,9,0.008278929919050243
MFT,42,digital_presente,10,0.010246721392046243
MFT,42,album_rank,1,0.04962363674853229
MFT,42,album_rank,2,0.044926988821534314
MFT,42,album_rank,3,0.03604646409035056
MFT,42,album_rank,4,0.047380037781993595
MFT,42,album_rank,5,0.049258460282042754
MFT,42,album_rank,6,0.04316548700285944
MFT,42,album_rank,7,0.05789977024689624
MFT,42,album_rank,8,0.04513405510573279
MFT,42,album_rank,9,0.04511290698538736
MFT,42,album_rank,10,0.0505879252114908
MFT,42,album_presente,1,0.02554066761831955
MFT,42,album_presente,2,0.026985149443138706
MFT,42,album_presente,3,0.018406756710934835
MFT,42,album_presente,4,0.028842071912954376
MFT,42,album_presente,5,0.03282592099884504
MFT,42,album_presente,6,0.024483946552124797
MFT,42,album_presente,7,0.02234795248182561
MFT,42,album_presente,8,0.024000245166518774
MFT,42,album_presente,9,0.02315863985235808
MFT,42,album_presente,10,0.0269132615912826
MFT,42,mes,1,0.0166249218081084
MFT,42,mes,2,0.009966458727714012
MFT,42,mes,3,0.015390254766551481
MFT,42,mes,4,0.016782336711330836
MFT,42,mes,5,0.010367078396484097
MFT,42,mes,6,0.01146291421512402
MFT,42,mes,7,0.013725009653202142
MFT,42,mes,8,0.013630895101982177
MFT,42,mes,9,0.005109235328775608
MFT,42,mes,10,0.00390348489509329
MFT,42,semana_ano,1,0.020741343415583563
MFT,42,semana_ano,2,0.03734581060291381
MFT,42,semana_ano,3,0.029265489432599684
MFT,42,semana_ano,4,0.026368433464756008
MFT,42,semana_ano,5,0.02377538827175535
MFT,42,semana_ano,6,0.03643985394480659
MFT,42,semana_ano,7,0.0343117025428393
MFT,42,semana_ano,8,0.035242775390722375
MFT,42,semana_ano,9,0.029957315398953077
MFT,42,semana_ano,10,0.02240900552758604
M0,1337,rank,1,0.012231438730613942
M0,1337,rank,2,0.026215762983331753
M0,1337,rank,3,0.019503762619722392
M0,1337,rank,4,0.0188243182065245
M0,1337,rank,5,0.014614951664955356
M0,1337,rank,6,0.022760077519352495
M0,1337,rank,7,0.01852058701673384
M0,1337,rank,8,0.009498180673396472
M0,1337,rank,9,0.01781706894174248
M0,1337,rank,10,0.01928159574232599
M0,1337,rank_lag1,1,0.022414542249488884
M0,1337,rank_lag1,2,0.01793443945550266
M0,1337,rank_lag1,3,0.007962393143071289
M0,1337,rank_lag1,4,0.025134759295665998
M0,1337,rank_lag1,5,0.016877816100399984
M0,1337,rank_lag1,6,0.016940719600288756
M0,1337,rank_lag1,7,0.0277203892351624
M0,1337,rank_lag1,8,0.020736621648553305
M0,1337,rank_lag1,9,0.0294709302810775
M0,1337,rank_lag1,10,0.02259720254611819
M0,1337,rank_lag2,1,0.03132454552624239
M0,1337,rank_lag2,2,0.04180316302772466
M0,1337,rank_lag2,3,0.02912750626778035
M0,1337,rank_lag2,4,0.037578907564010125
M0,1337,rank_lag2,5,0.03063194824853893
M0,1337,rank_lag2,6,0.020821776135701436
M0,1337,rank_lag2,7,0.037635096081691244
M0,1337,rank_lag2,8,0.0324041125115998
M0,1337,rank_lag2,9,0.03406211339014173
M0,1337,rank_lag2,10,0.0412223197090016
M0,1337,variacao_1s,1,0.04925273576439376
M0,1337,variacao_1s,2,0.04664818994753056
M0,1337,variacao_1s,3,0.04655305444119305
M0,1337,variacao_1s,4,0.05041072385350136
M0,1337,variacao_1s,5,0.04495547656866168
M0,1337,variacao_1s,6,0.04984933485785813
M0,1337,variacao_1s,7,0.048617194886654
M0,1337,variacao_1s,8,0.050101652958649295
M0,1337,variacao_1s,9,0.03589568501869683
M0,1337,variacao_1s,10,0.03824739917686941
M0,1337,peak_pos,1,0.02195074041474493
M0,1337,peak_pos,2,0.02933474997095392
M0,1337,peak_pos,3,0.01614653201510205
M0,1337,peak_pos,4,0.022294470333783345
M0,1337,peak_pos,5,0.020108025838804916
M0,1337,peak_pos,6,0.03101167276114472
M0,1337,peak_pos,7,0.02209216683886059
M0,1337,peak_pos,8,0.01660257982237867
M0,1337,peak_pos,9,0.01861783380125981
M0,1337,peak_pos,10,0.026355317424210545
M0,1337,distancia_pico,1,0.01294765653758101
M0,1337,distancia_pico,2,0.01209780334893279
M0,1337,distancia_pico,3,0.011421912638785947
M0,1337,distancia_pico,4,0.010959112089249573
M0,1337,distancia_pico,5,0.018734057823626193
M0,1337,distancia_pico,6,0.01804142916370169
M0,1337,distancia_pico,7,0.010174014262057829
M0,1337,distancia_pico,8,0.016197146584934485
M0,1337,distancia_pico,9,0.011876569204685938
M0,1337,distancia_pico,10,0.0123780113036
M0,1337,semanas_na_parada,1,0.04000128966004088
M0,1337,semanas_na_parada,2,0.029812591176202302
M0,1337,semanas_na_parada,3,0.023268880744650444
M0,1337,semanas_na_parada,4,0.007949739326798516
M0,1337,semanas_na_parada,5,0.022449043514659345
M0,1337,semanas_na_parada,6,0.022434327435724266
M0,1337,semanas_na_parada,7,0.028699443195799285
M0,1337,semanas_na_parada,8,0.012645553149027322
M0,1337,semanas_na_parada,9,0.018713906888299575
M0,1337,semanas_na_parada,10,0.026136111525646377
M0,1337,hiato_semanas,1,0.002162522169492531
M0,1337,hiato_semanas,2,0.0039736742673920356
M0,1337,hiato_semanas,3,0.0032726780832170177
M0,1337,hiato_semanas,4,0.0036704952033103366
M0,1337,hiato_semanas,5,0.002687164383552487
M0,1337,hiato_semanas,6,0.004038567988997044
M0,1337,hiato_semanas,7,0.0013741345659685211
M0,1337,hiato_semanas,8,0.004002681154839288
M0,1337,hiato_semanas,9,0.004065029722892827
M0,1337,hiato_semanas,10,0.003275997152901139
M0,1337,estreia,1,0.037353521483382376
M0,1337,estreia,2,0.03434771402517889
M0,1337,estreia,3,0.04036356547710711
M0,1337,estreia,4,0.04283794208591281
M0,1337,estreia,5,0.03519238273814396
M0,1337,estreia,6,0.0386020744341672
M0,1337,estreia,7,0.0362426133494681
M0,1337,estreia,8,0.04018695572838411
M0,1337,estreia,9,0.03546837962810709
M0,1337,estreia,10,0.039523718682403744
M0,1337,reentrada,1,0.012522698437276852
M0,1337,reentrada,2,0.009289599010002675
M0,1337,reentrada,3,0.013701482387865421
M0,1337,reentrada,4,0.015326339534930677
M0,1337,reentrada,5,0.00950802228991418
M0,1337,reentrada,6,0.012799924660932133
M0,1337,reentrada,7,0.011340373239996315
M0,1337,reentrada,8,0.014912874922637348
M0,1337,reentrada,9,0.013142810868195881
M0,1337,reentrada,10,0.010999450252486942
M0,1337,radio_rank,1,0.03788759239709033
M0,1337,radio_rank,2,0.027143537489965147
M0,1337,radio_rank,3,0.03470290875144816
M0,1337,radio_rank,4,0.019833944962874106
M0,1337,radio_rank,5,0.03341109457673208
M0,1337,radio_rank,6,0.039388578951774916
M0,1337,radio_rank,7,0.027242398976136478
M0,1337,radio_rank,8,0.02165769906563006
M0,1337,radio_rank,9,0.03545487116973575
M0,1337,radio_rank,10,0.032755599427079785
M0,1337,radio_presente,1,-0.002799532756918799
M0,1337,radio_presente,2,0.0069540527870918245
M0,1337,radio_presente,3,0.0094558868568545
M0,1337,radio_presente,4,0.0007905856118456678
M0,1337,radio_presente,5,0.005040889262018622
M0,1337,radio_presente,6,0.0042939376747411495
M0,1337,radio_presente,7,0.007663183350847175
M0,1337,radio_presente,8,-0.0007312853472254965
M0,1337,radio_presente,9,0.005463610135818198
M0,1337,radio_presente,10,0.0007923059707879987
M0,1337,streaming_rank,1,0.013287131973706207
M0,1337,streaming_rank,2,0.014272289152849782
M0,1337,streaming_rank,3,0.0037066095460041304
M0,1337,streaming_rank,4,0.0113758232328319
M0,1337,streaming_rank,5,0.00870774219090198
M0,1337,streaming_rank,6,0.00909788307343451
M0,1337,streaming_rank,7,0.011048977933355741
M0,1337,streaming_rank,8,0.007525531883471576
M0,1337,streaming_rank,9,0.015020031646279908
M0,1337,streaming_rank,10,0.016174442632041958
M0,1337,streaming_presente,1,-0.004883676772758083
M0,1337,streaming_presente,2,-0.0022568577599204054
M0,1337,streaming_presente,3,-0.0013777329750669365
M0,1337,streaming_presente,4,-0.0084678027971129
M0,1337,streaming_presente,5,-0.006780760241146905
M0,1337,streaming_presente,6,-0.016335498844811724
M0,1337,streaming_presente,7,0.00019027661408113627
M0,1337,streaming_presente,8,-0.004096053213062362
M0,1337,streaming_presente,9,-0.0063630388358222045
M0,1337,streaming_presente,10,-0.0026296350878155794
M0,1337,digital_rank,1,0.012708142647131826
M0,1337,digital_rank,2,0.006621978933006756
M0,1337,digital_rank,3,0.010158437635338358
M0,1337,digital_rank,4,0.009605387200427473
M0,1337,digital_rank,5,0.004460477764290011
M0,1337,digital_rank,6,0.013935360014145998
M0,1337,digital_rank,7,0.005402807080237854
M0,1337,digital_rank,8,0.004777384051030037
M0,1337,digital_rank,9,0.011836378615702664
M0,1337,digital_rank,10,0.007800281937110354
M0,1337,digital_presente,1,0.0010534394325913687
M0,1337,digital_presente,2,0.002419903543538021
M0,1337,digital_presente,3,0.0022139068993290434
M0,1337,digital_presente,4,-0.000303236827746578
M0,1337,digital_presente,5,0.0010472684530592746
M0,1337,digital_presente,6,-0.0015295589497553164
M0,1337,digital_presente,7,0.0030649424203096354
M0,1337,digital_presente,8,0.0003515566470936038
M0,1337,digital_presente,9,0.0023355289341657204
M0,1337,digital_presente,10,0.010257552325205421
M0,1337,album_rank,1,0.03360998600044443
M0,1337,album_rank,2,0.03651214428728944
M0,1337,album_rank,3,0.023985263527152745
M0,1337,album_rank,4,0.026051018255385056
M0,1337,album_rank,5,0.021738570480474034
M0,1337,album_rank,6,0.0161965226563435
M0,1337,album_rank,7,0.030833760593507425
M0,1337,album_rank,8,0.02828977775945979
M0,1337,album_rank,9,0.02556706071824083
M0,1337,album_rank,10,0.031137556453975646
M0,1337,album_presente,1,0.003984663358002405
M0,1337,album_presente,2,0.012518187264315028
M0,1337,album_presente,3,0.00684416606823024
M0,1337,album_presente,4,0.008395703745291139
M0,1337,album_presente,5,0.012645038027234684
M0,1337,album_presente,6,0.005543824808185688
M0,1337,album_presente,7,0.0019010537579516318
M0,1337,album_presente,8,0.004958206625526318
M0,1337,album_presente,9,0.008180266035446498
M0,1337,album_presente,10,0.010283955648713039
M0,1337,mes,1,0.013772326295332149
M0,1337,mes,2,0.012293897629415185
M0,1337,mes,3,0.012823033246054188
M0,1337,mes,4,0.017263635713853392
M0,1337,mes,5,0.015582893546271959
M0,1337,mes,6,0.0023961426854296197
M0,1337,mes,7,0.0034637834081495678
M0,1337,mes,8,0.01549090594594793
M0,1337,mes,9,0.008520829164073124
M0,1337,mes,10,0.016063113603594942
M0,1337,semana_ano,1,0.025027897878733357
M0,1337,semana_ano,2,0.02187957821338421
M0,1337,semana_ano,3,0.016963895952560232
M0,1337,semana_ano,4,0.01941593259574312
M0,1337,semana_ano,5,0.024680123273304183
M0,1337,semana_ano,6,0.022993999510850516
M0,1337,semana_ano,7,0.026217309913175835
M0,1337,semana_ano,8,0.02666768685634624
M0,1337,semana_ano,9,0.019488137774340025
M0,1337,semana_ano,10,0.020450640437851608
MRT,1337,rank,1,0.018115069883516965
MRT,1337,rank,2,0.023340541491636557
MRT,1337,rank,3,0.02322880917566089
MRT,1337,rank,4,0.017822022214224686
MRT,1337,rank,5,0.018541734301782187
MRT,1337,rank,6,0.026490947998569075
MRT,1337,rank,7,0.027603032658219978
MRT,1337,rank,8,0.02318253857427993
MRT,1337,rank,9,0.024027187995853183
MRT,1337,rank,10,0.02141708401483222
MRT,1337,rank_lag1,1,0.014935028888881902
MRT,1337,rank_lag1,2,0.017669805542769063
MRT,1337,rank_lag1,3,0.011233812462439458
MRT,1337,rank_lag1,4,0.01656244853817357
MRT,1337,rank_lag1,5,0.01786094070603511
MRT,1337,rank_lag1,6,0.018606277557995127
MRT,1337,rank_lag1,7,0.024012953937223913
MRT,1337,rank_lag1,8,0.020921391186830174
MRT,1337,rank_lag1,9,0.014474175298593711
MRT,1337,rank_lag1,10,0.017752170899651948
MRT,1337,rank_lag2,1,0.02515163579450619
MRT,1337,rank_lag2,2,0.025787194954782627
MRT,1337,rank_lag2,3,0.028919465549624684
MRT,1337,rank_lag2,4,0.031017995398911452
MRT,1337,rank_lag2,5,0.02256252952049187
MRT,1337,rank_lag2,6,0.018992908905081735
MRT,1337,rank_lag2,7,0.017758484238867223
MRT,1337,rank_lag2,8,0.025716014862750547
MRT,1337,rank_lag2,9,0.026702175909746356
MRT,1337,rank_lag2,10,0.030631927833615347
MRT,1337,variacao_1s,1,0.03927594115276534
MRT,1337,variacao_1s,2,0.03858173414057445
MRT,1337,variacao_1s,3,0.03628577619329451
MRT,1337,variacao_1s,4,0.035137618692474004
MRT,1337,variacao_1s,5,0.03879074603162458
MRT,1337,variacao_1s,6,0.038428711439246255
MRT,1337,variacao_1s,7,0.0521895625094974
MRT,1337,variacao_1s,8,0.04194236781181451
MRT,1337,variacao_1s,9,0.03421277080185381
MRT,1337,variacao_1s,10,0.03792990265784915
MRT,1337,peak_pos,1,0.029691710608476363
MRT,1337,peak_pos,2,0.024728175824487608
MRT,1337,peak_pos,3,0.03280426122286295
MRT,1337,peak_pos,4,0.03660184640244751
MRT,1337,peak_pos,5,0.028561900753279662
MRT,1337,peak_pos,6,0.02739892970043359
MRT,1337,peak_pos,7,0.028043477402176747
MRT,1337,peak_pos,8,0.017624515609336366
MRT,1337,peak_pos,9,0.028914298239123393
MRT,1337,peak_pos,10,0.038338586170371725
MRT,1337,distancia_pico,1,0.022978344493712277
MRT,1337,distancia_pico,2,0.018254850250836313
MRT,1337,distancia_pico,3,0.02356828942271119
MRT,1337,distancia_pico,4,0.020086763599944518
MRT,1337,distancia_pico,5,0.019248609110083442
MRT,1337,distancia_pico,6,0.02517259036790548
MRT,1337,distancia_pico,7,0.0234543986113957
MRT,1337,distancia_pico,8,0.022319545595223256
MRT,1337,distancia_pico,9,0.008437112823704795
MRT,1337,distancia_pico,10,0.019618290166982605
MRT,1337,semanas_na_parada,1,0.026777822763704606
MRT,1337,semanas_na_parada,2,0.013183254386654797
MRT,1337,semanas_na_parada,3,0.017603562375776594
MRT,1337,semanas_na_parada,4,0.014552213978959144
MRT,1337,semanas_na_parada,5,0.011703792810597469
MRT,1337,semanas_na_parada,6,0.028151087484886095
MRT,1337,semanas_na_parada,7,0.028107866438993878
MRT,1337,semanas_na_parada,8,0.01254767403664167
MRT,1337,semanas_na_parada,9,0.014347917297186874
MRT,1337,semanas_na_parada,10,0.016568120309533557
MRT,1337,hiato_semanas,1,0.001488835232398511
MRT,1337,hiato_semanas,2,0.0014978171179745592
MRT,1337,hiato_semanas,3,0.0004898999377647983
MRT,1337,hiato_semanas,4,0.0009981635482731177
MRT,1337,hiato_semanas,5,0.0013582872801753687
MRT,1337,hiato_semanas,6,-0.0002581005078554355
MRT,1337,hiato_semanas,7,-0.0007062360490632247
MRT,1337,hiato_semanas,8,0.001768166255368131
MRT,1337,hiato_semanas,9,0.001849184468713766
MRT,1337,hiato_semanas,10,-0.00020804054424880536
MRT,1337,estreia,1,0.024496658634013957
MRT,1337,estreia,2,0.021303590724827542
MRT,1337,estreia,3,0.02565491800065836
MRT,1337,estreia,4,0.025107797406974747
MRT,1337,estreia,5,0.021400100631580238
MRT,1337,estreia,6,0.031982315353471624
MRT,1337,estreia,7,0.018730552046354237
MRT,1337,estreia,8,0.028639569067947013
MRT,1337,estreia,9,0.024063441899399157
MRT,1337,estreia,10,0.0255577468844827
MRT,1337,reentrada,1,0.014289955269381371
MRT,1337,reentrada,2,0.010586477586723986
MRT,1337,reentrada,3,0.011187592829996651
MRT,1337,reentrada,4,0.010258129077306832
MRT,1337,reentrada,5,0.008085260881129958
MRT,1337,reentrada,6,0.01090752996249797
MRT,1337,reentrada,7,0.009243570809015694
MRT,1337,reentrada,8,0.012344071028246528
MRT,1337,reentrada,9,0.008784253748679721
MRT,1337,reentrada,10,0.011093578835742746
MRT,1337,radio_rank,1,0.031003385286454216
MRT,1337,radio_rank,2,0.025880381533411906
MRT,1337,radio_rank,3,0.020310970123922995
MRT,1337,radio_rank,4,0.020552549423845712
MRT,1337,radio_rank,5,0.025862732572041053
MRT,1337,radio_rank,6,0.026549874764529996
MRT,1337,radio_rank,7,0.02509392023550938
MRT,1337,radio_rank,8,0.01869635005796308
MRT,1337,radio_rank,9,0.023809446375786636
MRT,1337,radio_rank,10,0.02283273790367718
MRT,1337,radio_presente,1,0.005981072043983127
MRT,1337,radio_presente,2,0.004400398265182709
MRT,1337,radio_presente,3,0.006331288850808275
MRT,1337,radio_presente,4,0.008442124134021706
MRT,1337,radio_presente,5,0.011152769785222977
MRT,1337,radio_presente,6,0.0048281198974547135
MRT,1337,radio_presente,7,0.022028511760075642
MRT,1337,radio_presente,8,0.012372600458177202
MRT,1337,radio_presente,9,0.008386056864022828
MRT,1337,radio_presente,10,0.0006732725505943504
MRT,1337,streaming_rank,1,0.004538799263744231
MRT,1337,streaming_rank,2,0.007938920036390462
MRT,1337,streaming_rank,3,0.010116138410152353
MRT,1337,streaming_rank,4,-0.00044080154401945904
MRT,1337,streaming_rank,5,0.004278143351737818
MRT,1337,streaming_rank,6,0.006595192872365069
MRT,1337,streaming_rank,7,0.011480585237347074
MRT,1337,streaming_rank,8,0.007656546060573727
MRT,1337,streaming_rank,9,0.006423753354597939
MRT,1337,streaming_rank,10,0.006626400857080356
MRT,1337,streaming_presente,1,0.00015655341127665534
MRT,1337,streaming_presente,2,0.002330394959822485
MRT,1337,streaming_presente,3,0.0014591599664707244
MRT,1337,streaming_presente,4,0.0027426319957437606
MRT,1337,streaming_presente,5,0.005452312499646561
MRT,1337,streaming_presente,6,0.0026166690269064097
MRT,1337,streaming_presente,7,0.0058816344503599405
MRT,1337,streaming_presente,8,0.00469876765908131
MRT,1337,streaming_presente,9,0.004088574639439485
MRT,1337,streaming_presente,10,0.005146191313532278
MRT,1337,digital_rank,1,0.008740472307464997
MRT,1337,digital_rank,2,0.003874595071950454
MRT,1337,digital_rank,3,0.002563269179357508
MRT,1337,digital_rank,4,0.0029943841697619433
MRT,1337,digital_rank,5,0.004705843409106597
MRT,1337,digital_rank,6,0.0143583551523781
MRT,1337,digital_rank,7,0.009545638101040838
MRT,1337,digital_rank,8,0.007102356524795905
MRT,1337,digital_rank,9,0.007088803195036492
MRT,1337,digital_rank,10,0.009452269588892226
MRT,1337,digital_presente,1,-0.0018247170207086327
MRT,1337,digital_presente,2,0.006979010062415775
MRT,1337,digital_presente,3,0.00485648503698885
MRT,1337,digital_presente,4,0.0033138685562749404
MRT,1337,digital_presente,5,0.0042207896859360605
MRT,1337,digital_presente,6,0.004604648294214031
MRT,1337,digital_presente,7,0.0031888315517329957
MRT,1337,digital_presente,8,0.001997951084534849
MRT,1337,digital_presente,9,0.003468190679138339
MRT,1337,digital_presente,10,0.01017208083953755
MRT,1337,album_rank,1,0.06065901425015918
MRT,1337,album_rank,2,0.05087410359482289
MRT,1337,album_rank,3,0.0453617938812346
MRT,1337,album_rank,4,0.047959358295604965
MRT,1337,album_rank,5,0.04900558078222994
MRT,1337,album_rank,6,0.04878977954766536
MRT,1337,album_rank,7,0.05831000336905853
MRT,1337,album_rank,8,0.05724099998776276
MRT,1337,album_rank,9,0.04542767201873671
MRT,1337,album_rank,10,0.05531883417294482
MRT,1337,album_presente,1,0.016597088755743783
MRT,1337,album_presente,2,0.01777676724649671
MRT,1337,album_presente,3,0.014487421684233004
MRT,1337,album_presente,4,0.01734869532806796
MRT,1337,album_presente,5,0.017575468975340652
MRT,1337,album_presente,6,0.019980448815204666
MRT,1337,album_presente,7,0.009112426708961396
MRT,1337,album_presente,8,0.015180248115144734
MRT,1337,album_presente,9,0.020766513852084417
MRT,1337,album_presente,10,0.020692822815741474
MRT,1337,mes,1,0.005839555463989149
MRT,1337,mes,2,0.0026481329533946107
MRT,1337,mes,3,-0.000778495149758418
MRT,1337,mes,4,0.0036040109629233152
MRT,1337,mes,5,0.0044998359584131065
MRT,1337,mes,6,-0.005239844229788071
MRT,1337,mes,7,-0.00104797588682487
MRT,1337,mes,8,0.0014313151005048708
MRT,1337,mes,9,0.0016462865567193619
MRT,1337,mes,10,0.00030482785634297627
MRT,1337,semana_ano,1,0.027177648664319792
MRT,1337,semana_ano,2,0.03458131026700151
MRT,1337,semana_ano,3,0.027557449044036647
MRT,1337,semana_ano,4,0.02503160239639632
MRT,1337,semana_ano,5,0.02708479577117312
MRT,1337,semana_ano,6,0.025163275240183886
MRT,1337,semana_ano,7,0.03263203775242615
MRT,1337,semana_ano,8,0.021762490552982183
MRT,1337,semana_ano,9,0.024167080124880752
MRT,1337,semana_ano,10,0.02029651908434721
MREC,1337,rank,1,0.05339966298702216
MREC,1337,rank,2,0.04484739400019146
MREC,1337,rank,3,0.046173044111547504
MREC,1337,rank,4,0.04963727517437974
MREC,1337,rank,5,0.050203140714678324
MREC,1337,rank,6,0.05553498591582132
MREC,1337,rank,7,0.05045921463399693
MREC,1337,rank,8,0.05338595193989144
MREC,1337,rank,9,0.05112973270035881
MREC,1337,rank,10,0.058962159032739214
MREC,1337,rank_lag1,1,0.00683125179046401
MREC,1337,rank_lag1,2,0.00826608492221001
MREC,1337,rank_lag1,3,0.01056495868292559
MREC,1337,rank_lag1,4,0.010879855543576233
MREC,1337,rank_lag1,5,0.007819568077185424
MREC,1337,rank_lag1,6,0.00583211156090474
MREC,1337,rank_lag1,7,0.01172672341930292
MREC,1337,rank_lag1,8,0.0069427392887845
MREC,1337,rank_lag1,9,0.005593898420229115
MREC,1337,rank_lag1,10,0.005673118086270523
MREC,1337,rank_lag2,1,0.024321866680142246
MREC,1337,rank_lag2,2,0.024033965718690847
MREC,1337,rank_lag2,3,0.03522044118456602
MREC,1337,rank_lag2,4,0.02519926729682251
MREC,1337,rank_lag2,5,0.01861167899008037
MREC,1337,rank_lag2,6,0.017080929309026244
MREC,1337,rank_lag2,7,0.021293439380471124
MREC,1337,rank_lag2,8,0.026576525362813214
MREC,1337,rank_lag2,9,0.02822434787940517
MREC,1337,rank_lag2,10,0.023919499709658898
MREC,1337,variacao_1s,1,0.03435206232840812
MREC,1337,variacao_1s,2,0.03667109643690883
MREC,1337,variacao_1s,3,0.041867945345161334
MREC,1337,variacao_1s,4,0.02768093345367212
MREC,1337,variacao_1s,5,0.03714255853651771
MREC,1337,variacao_1s,6,0.035954325795065106
MREC,1337,variacao_1s,7,0.03769306166723699
MREC,1337,variacao_1s,8,0.02976857235749744
MREC,1337,variacao_1s,9,0.03625419147741421
MREC,1337,variacao_1s,10,0.03316687085883793
MREC,1337,peak_pos,1,0.04785254497157941
MREC,1337,peak_pos,2,0.038810978536339524
MREC,1337,peak_pos,3,0.047089877717342035
MREC,1337,peak_pos,4,0.05003815961733597
MREC,1337,peak_pos,5,0.05517443969893285
MREC,1337,peak_pos,6,0.048055991456728425
MREC,1337,peak_pos,7,0.051159058121982265
MREC,1337,peak_pos,8,0.050306551242886494
MREC,1337,peak_pos,9,0.053426877936632075
MREC,1337,peak_pos,10,0.05110533553792776
MREC,1337,distancia_pico,1,0.02603586776720146
MREC,1337,distancia_pico,2,0.028328513762609142
MREC,1337,distancia_pico,3,0.02802035225044411
MREC,1337,distancia_pico,4,0.02132446762850093
MREC,1337,distancia_pico,5,0.02666138645210933
MREC,1337,distancia_pico,6,0.027476200907874754
MREC,1337,distancia_pico,7,0.03598293789495596
MREC,1337,distancia_pico,8,0.02181167300765638
MREC,1337,distancia_pico,9,0.03222693981506411
MREC,1337,distancia_pico,10,0.029127075630129173
MREC,1337,semanas_na_parada,1,0.022806928556118322
MREC,1337,semanas_na_parada,2,0.02274567685796458
MREC,1337,semanas_na_parada,3,0.010904170211019415
MREC,1337,semanas_na_parada,4,0.020946710300346755
MREC,1337,semanas_na_parada,5,0.015447292961165593
MREC,1337,semanas_na_parada,6,0.022047057831563938
MREC,1337,semanas_na_parada,7,0.02454411220372163
MREC,1337,semanas_na_parada,8,0.024505115582095005
MREC,1337,semanas_na_parada,9,0.016274254142139427
MREC,1337,semanas_na_parada,10,0.020892816564227673
MREC,1337,hiato_semanas,1,-0.0019903601877061805
MREC,1337,hiato_semanas,2,-0.0011265205899818609
MREC,1337,hiato_semanas,3,-0.0039983363747748135
MREC,1337,hiato_semanas,4,-0.003947552193390713
MREC,1337,hiato_semanas,5,-0.002997950268157662
MREC,1337,hiato_semanas,6,-0.0031343783864568042
MREC,1337,hiato_semanas,7,-0.0007490009194994485
MREC,1337,hiato_semanas,8,-0.004811055239291151
MREC,1337,hiato_semanas,9,0.0004860985200881851
MREC,1337,hiato_semanas,10,-0.0025329786802814336
MREC,1337,estreia,1,0.03140638042833885
MREC,1337,estreia,2,0.027321454218633162
MREC,1337,estreia,3,0.04216904529047838
MREC,1337,estreia,4,0.031742750477097376
MREC,1337,estreia,5,0.031075068104166048
MREC,1337,estreia,6,0.03870718880378257
MREC,1337,estreia,7,0.02234156490472458
MREC,1337,estreia,8,0.037260292920186566
MREC,1337,estreia,9,0.02718053044051469
MREC,1337,estreia,10,0.034220214809293686
MREC,1337,reentrada,1,0.011782981935655745
MREC,1337,reentrada,2,0.010274779829398367
MREC,1337,reentrada,3,0.01489029193126401
MREC,1337,reentrada,4,0.015476175139709142
MREC,1337,reentrada,5,0.013317809268959369
MREC,1337,reentrada,6,0.011932092173098846
MREC,1337,reentrada,7,0.011474604755624174
MREC,1337,reentrada,8,0.014058751475965664
MREC,1337,reentrada,9,0.014211786956841305
MREC,1337,reentrada,10,0.012736573801479883
MREC,1337,radio_rank,1,0.028183984528667022
MREC,1337,radio_rank,2,0.027562940389402518
MREC,1337,radio_rank,3,0.026504696126302407
MREC,1337,radio_rank,4,0.02561546736592843
MREC,1337,radio_rank,5,0.029358994718177045
MREC,1337,radio_rank,6,0.03569794539853757
MREC,1337,radio_rank,7,0.03175724539048516
MREC,1337,radio_rank,8,0.019878416369652513
MREC,1337,radio_rank,9,0.028167746651646314
MREC,1337,radio_rank,10,0.01731064325389417
MREC,1337,radio_presente,1,0.024542744689790952
MREC,1337,radio_presente,2,0.02982113915805526
MREC,1337,radio_presente,3,0.02868821020995793
MREC,1337,radio_presente,4,0.024633424133648718
MREC,1337,radio_presente,5,0.030726835961252502
MREC,1337,radio_presente,6,0.03315150913803361
MREC,1337,radio_presente,7,0.03886770986332233
MREC,1337,radio_presente,8,0.02871802846853358
MREC,1337,radio_presente,9,0.03022339939561891
MREC,1337,radio_presente,10,0.02374038273185941
MREC,1337,streaming_rank,1,0.020149126110052262
MREC,1337,streaming_rank,2,0.012690723302405171
MREC,1337,streaming_rank,3,0.022575885946333585
MREC,1337,streaming_rank,4,0.009053845803010052
MREC,1337,streaming_rank,5,0.01842439800354531
MREC,1337,streaming_rank,6,0.015703770504117143
MREC,1337,streaming_rank,7,0.02358241084510812
MREC,1337,streaming_rank,8,0.023293880071890843
MREC,1337,streaming_rank,9,0.0284001757422859
MREC,1337,streaming_rank,10,0.01664331841659336
MREC,1337,streaming_presente,1,0.014427926406605895
MREC,1337,streaming_presente,2,0.0046118786087936126
MREC,1337,streaming_presente,3,0.011648537802300796
MREC,1337,streaming_presente,4,0.017544108451047175
MREC,1337,streaming_presente,5,0.015591949161206653
MREC,1337,streaming_presente,6,0.01761168798298729
MREC,1337,streaming_presente,7,0.007919165848045223
MREC,1337,streaming_presente,8,0.01555504114698969
MREC,1337,streaming_presente,9,0.0037726374990812994
MREC,1337,streaming_presente,10,0.017158567504232475
MREC,1337,digital_rank,1,0.010141772114837383
MREC,1337,digital_rank,2,0.009254853690730619
MREC,1337,digital_rank,3,0.01152153714891846
MREC,1337,digital_rank,4,-0.0027516385198927684
MREC,1337,digital_rank,5,0.0037201628477566695
MREC,1337,digital_rank,6,0.0070408655754212734
MREC,1337,digital_rank,7,0.009768295998183574
MREC,1337,digital_rank,8,0.0031879999063169906
MREC,1337,digital_rank,9,0.00842693405516945
MREC,1337,digital_rank,10,0.0010610748667093939
MREC,1337,digital_presente,1,-0.004397992739822415
MREC,1337,digital_presente,2,0.0005027478795605056
MREC,1337,digital_presente,3,0.003664802898819791
MREC,1337,digital_presente,4,-0.004346073282462781
MREC,1337,digital_presente,5,-0.004926461908593721
MREC,1337,digital_presente,6,-0.001863342480488278
MREC,1337,digital_presente,7,-0.001296492311975539
MREC,1337,digital_presente,8,-0.0016292670448067315
MREC,1337,digital_presente,9,0.004618139744529348
MREC,1337,digital_presente,10,-0.0006418030884202952
MREC,1337,album_rank,1,0.03750270634736513
MREC,1337,album_rank,2,0.03290660855391195
MREC,1337,album_rank,3,0.025839256619287376
MREC,1337,album_rank,4,0.027631664106278986
MREC,1337,album_rank,5,0.02569116090338358
MREC,1337,album_rank,6,0.03463984180608898
MREC,1337,album_rank,7,0.03210872176493745
MREC,1337,album_rank,8,0.034642757225101184
MREC,1337,album_rank,9,0.021979214734246744
MREC,1337,album_rank,10,0.02339002505328494
MREC,1337,album_presente,1,0.01550789279504547
MREC,1337,album_presente,2,0.02023183416116897
MREC,1337,album_presente,3,0.011913461973545203
MREC,1337,album_presente,4,0.013097355603664596
MREC,1337,album_presente,5,0.011628070650545608
MREC,1337,album_presente,6,0.005223088542154974
MREC,1337,album_presente,7,0.013365928324127418
MREC,1337,album_presente,8,0.012395996384706842
MREC,1337,album_presente,9,0.011280193802206767
MREC,1337,album_presente,10,0.006932378220916358
MREC,1337,mes,1,0.0031957798800147097
MREC,1337,mes,2,-0.0005680295864575469
MREC,1337,mes,3,-0.004170526882979975
MREC,1337,mes,4,-0.0008159086358049406
MREC,1337,mes,5,0.0062403591447939
MREC,1337,mes,6,0.0005665577294975965
MREC,1337,mes,7,0.006773320621603129
MREC,1337,mes,8,0.007659129097969342
MREC,1337,mes,9,-0.0029277071677186184
MREC,1337,mes,10,0.0017883615425076382
MREC,1337,semana_ano,1,0.027362675641583206
MREC,1337,semana_ano,2,0.0179558673225034
MREC,1337,semana_ano,3,0.01708546662473484
MREC,1337,semana_ano,4,0.02317378523509378
MREC,1337,semana_ano,5,0.020952555920614235
MREC,1337,semana_ano,6,0.023020176945168752
MREC,1337,semana_ano,7,0.014345379921483326
MREC,1337,semana_ano,8,0.01635114180410116
MREC,1337,semana_ano,9,0.021361666849545963
MREC,1337,semana_ano,10,0.026678683593717167
MFT,1337,rank,1,0.006072634917538233
MFT,1337,rank,2,0.019988961662475047
MFT,1337,rank,3,0.015818239095344383
MFT,1337,rank,4,0.023989430430405162
MFT,1337,rank,5,0.01603803388387212
MFT,1337,rank,6,0.01989858298337674
MFT,1337,rank,7,0.02094443935686882
MFT,1337,rank,8,0.02294907516634004
MFT,1337,rank,9,0.022614560033779624
MFT,1337,rank,10,0.022283572997844503
MFT,1337,rank_lag1,1,0.010707363121991303
MFT,1337,rank_lag1,2,0.01795531119316393
MFT,1337,rank_lag1,3,0.009441076499200507
MFT,1337,rank_lag1,4,0.019377238930419566
MFT,1337,rank_lag1,5,0.01628576687114633
MFT,1337,rank_lag1,6,0.013526892685121111
MFT,1337,rank_lag1,7,0.02551244269867914
MFT,1337,rank_lag1,8,0.01466937056983722
MFT,1337,rank_lag1,9,0.02364339233015264
MFT,1337,rank_lag1,10,0.019210966212041547
MFT,1337,rank_lag2,1,0.029860844394275554
MFT,1337,rank_lag2,2,0.03206948345346666
MFT,1337,rank_lag2,3,0.03231937786553604
MFT,1337,rank_lag2,4,0.031083714399711027
MFT,1337,rank_lag2,5,0.029339793903735728
MFT,1337,rank_lag2,6,0.02116507888289501
MFT,1337,rank_lag2,7,0.02309326619253793
MFT,1337,rank_lag2,8,0.027274962359269295
MFT,1337,rank_lag2,9,0.030541104971761934
MFT,1337,rank_lag2,10,0.030636682427888556
MFT,1337,variacao_1s,1,0.05180523130224314
MFT,1337,variacao_1s,2,0.045265430553005595
MFT,1337,variacao_1s,3,0.05143959583328561
MFT,1337,variacao_1s,4,0.04250775330394235
MFT,1337,variacao_1s,5,0.039839751748416224
MFT,1337,variacao_1s,6,0.05080582561402608
MFT,1337,variacao_1s,7,0.0583484549438051
MFT,1337,variacao_1s,8,0.047506130646170874
MFT,1337,variacao_1s,9,0.03740793742353091
MFT,1337,variacao_1s,10,0.04298860329875838
MFT,1337,peak_pos,1,0.03219471552460429
MFT,1337,peak_pos,2,0.027680163633879262
MFT,1337,peak_pos,3,0.026659977207973362
MFT,1337,peak_pos,4,0.035236594538310545
MFT,1337,peak_pos,5,0.03422154364276289
MFT,1337,peak_pos,6,0.03743610797882366
MFT,1337,peak_pos,7,0.02868350870501732
MFT,1337,peak_pos,8,0.02008891583099265
MFT,1337,peak_pos,9,0.031396057566245555
MFT,1337,peak_pos,10,0.03115978105444947
MFT,1337,distancia_pico,1,0.015300035685643337
MFT,1337,distancia_pico,2,0.014885440457385685
MFT,1337,distancia_pico,3,0.017559030634332173
MFT,1337,distancia_pico,4,0.014404263466839262
MFT,1337,distancia_pico,5,0.01222518985297641
MFT,1337,distancia_pico,6,0.019658001019747073
MFT,1337,distancia_pico,7,0.01083887050184365
MFT,1337,distancia_pico,8,0.017717074209689487
MFT,1337,distancia_pico,9,0.013660318328944376
MFT,1337,distancia_pico,10,0.01630010089423639
MFT,1337,semanas_na_parada,1,0.0324655727704759
MFT,1337,semanas_na_parada,2,0.034464610751645225
MFT,1337,semanas_na_parada,3,0.01681808416949851
MFT,1337,semanas_na_parada,4,0.017412585848384177
MFT,1337,semanas_na_parada,5,0.021332747667963642
MFT,1337,semanas_na_parada,6,0.026407319171989657
MFT,1337,semanas_na_parada,7,0.030788945234264037
MFT,1337,semanas_na_parada,8,0.020108436940246055
MFT,1337,semanas_na_parada,9,0.02508207350518904
MFT,1337,semanas_na_parada,10,0.018725851313511677
MFT,1337,hiato_semanas,1,-0.001780278233514232
MFT,1337,hiato_semanas,2,-0.0012754874424889817
MFT,1337,hiato_semanas,3,0.00039195632739824626
MFT,1337,hiato_semanas,4,0.002074404544827907
MFT,1337,hiato_semanas,5,0.0008970046689866784
MFT,1337,hiato_semanas,6,0.002233203978758591
MFT,1337,hiato_semanas,7,-0.0005265296078774684
MFT,1337,hiato_semanas,8,0.002754163244937463
MFT,1337,hiato_semanas,9,0.002667295058974728
MFT,1337,hiato_semanas,10,0.0016412691697116066
MFT,1337,estreia,1,0.021690104936469584
MFT,1337,estreia,2,0.018101242864859035
MFT,1337,estreia,3,0.02898923025101177
MFT,1337,estreia,4,0.027002064389941377
MFT,1337,estreia,5,0.02403757407227211
MFT,1337,estreia,6,0.02801940108901943
MFT,1337,estreia,7,0.02394155693015948
MFT,1337,estreia,8,0.028556607268468953
MFT,1337,estreia,9,0.01927113503422892
MFT,1337,estreia,10,0.025349769941686806
MFT,1337,reentrada,1,0.013504992997117882
MFT,1337,reentrada,2,0.011087330754881664
MFT,1337,reentrada,3,0.01656437843707112
MFT,1337,reentrada,4,0.016958590091358028
MFT,1337,reentrada,5,0.012805105738912803
MFT,1337,reentrada,6,0.016916220837867646
MFT,1337,reentrada,7,0.013381998596676603
MFT,1337,reentrada,8,0.017758860053875586
MFT,1337,reentrada,9,0.012645054324478683
MFT,1337,reentrada,10,0.01399137581910842
MFT,1337,radio_rank,1,0.03783674400684639
MFT,1337,radio_rank,2,0.028120708873047545
MFT,1337,radio_rank,3,0.03251316153850392
MFT,1337,radio_rank,4,0.01839282568055481
MFT,1337,radio_rank,5,0.028412398883375767
MFT,1337,radio_rank,6,0.03602554184312595
MFT,1337,radio_rank,7,0.025149972968553175
MFT,1337,radio_rank,8,0.025163768248732094
MFT,1337,radio_rank,9,0.03476686860137776
MFT,1337,radio_rank,10,0.031219253206945186
MFT,1337,radio_presente,1,0.0026204388158017344
MFT,1337,radio_presente,2,0.005537154589804777
MFT,1337,radio_presente,3,0.01540383304874704
MFT,1337,radio_presente,4,0.0010111229426807977
MFT,1337,radio_presente,5,0.0032947795268213897
MFT,1337,radio_presente,6,0.011171935305322206
MFT,1337,radio_presente,7,0.00782696752478343
MFT,1337,radio_presente,8,0.009310917580058198
MFT,1337,radio_presente,9,0.01314430897943794
MFT,1337,radio_presente,10,0.010778847107828338
MFT,1337,streaming_rank,1,0.012069560006067653
MFT,1337,streaming_rank,2,0.01681027747899283
MFT,1337,streaming_rank,3,0.003729842298200281
MFT,1337,streaming_rank,4,0.019755665860045346
MFT,1337,streaming_rank,5,0.013023530190330396
MFT,1337,streaming_rank,6,0.019587400038376224
MFT,1337,streaming_rank,7,0.018669545464061826
MFT,1337,streaming_rank,8,0.019841730006233016
MFT,1337,streaming_rank,9,0.01743654046889323
MFT,1337,streaming_rank,10,0.015641432972700015
MFT,1337,streaming_presente,1,-0.006176312692086683
MFT,1337,streaming_presente,2,-0.010389424687604454
MFT,1337,streaming_presente,3,-0.006588915373677562
MFT,1337,streaming_presente,4,-0.006409350855265256
MFT,1337,streaming_presente,5,-0.006265471617516144
MFT,1337,streaming_presente,6,-0.006399006015572001
MFT,1337,streaming_presente,7,-0.0061602464183595496
MFT,1337,streaming_presente,8,-0.001397346154373369
MFT,1337,streaming_presente,9,-0.007153589399986643
MFT,1337,streaming_presente,10,-0.001269198357211121
MFT,1337,digital_rank,1,0.009798999516858337
MFT,1337,digital_rank,2,0.007646740545698805
MFT,1337,digital_rank,3,0.006180902008815492
MFT,1337,digital_rank,4,0.001808882194668987
MFT,1337,digital_rank,5,0.004128199116917947
MFT,1337,digital_rank,6,0.011150192965255212
MFT,1337,digital_rank,7,1.9296544028740703e-05
MFT,1337,digital_rank,8,0.00892013831875657
MFT,1337,digital_rank,9,0.00792427806195442
MFT,1337,digital_rank,10,0.0061554981352632265
MFT,1337,digital_presente,1,0.0018259617059294964
MFT,1337,digital_presente,2,0.013622565662064046
MFT,1337,digital_presente,3,0.005845146219889269
MFT,1337,digital_presente,4,0.0013554406905355032
MFT,1337,digital_presente,5,0.005664373819858293
MFT,1337,digital_presente,6,0.002404623743271689
MFT,1337,digital_presente,7,0.002925277062391707
MFT,1337,digital_presente,8,0.0022750546408444594
MFT,1337,digital_presente,9,0.009315866724571353
MFT,1337,digital_presente,10,0.010290116500206253
MFT,1337,album_rank,1,0.02785064516826291
MFT,1337,album_rank,2,0.013849010472446077
MFT,1337,album_rank,3,0.006683474565137293
MFT,1337,album_rank,4,0.009580927142650825
MFT,1337,album_rank,5,0.005605740776431528
MFT,1337,album_rank,6,0.005180220993356327
MFT,1337,album_rank,7,0.019609696412305644
MFT,1337,album_rank,8,0.012196783589984828
MFT,1337,album_rank,9,0.015086862928614747
MFT,1337,album_rank,10,0.004359849951564548
MFT,1337,album_presente,1,0.006208430034558288
MFT,1337,album_presente,2,0.003855844635324457
MFT,1337,album_presente,3,-0.006973331304688357
MFT,1337,album_presente,4,0.0014121814842798786
MFT,1337,album_presente,5,0.0056797389711935875
MFT,1337,album_presente,6,0.0002469910663633057
MFT,1337,album_presente,7,0.005329288655087194
MFT,1337,album_presente,8,0.001694640946354714
MFT,1337,album_presente,9,0.002989275962352572
MFT,1337,album_presente,10,-0.0014961292316870156
MFT,1337,mes,1,0.010989332936144569
MFT,1337,mes,2,0.008229147226030298
MFT,1337,mes,3,0.016603165253322172
MFT,1337,mes,4,0.017272843159450713
MFT,1337,mes,5,0.012741409819801208
MFT,1337,mes,6,0.012046276762625457
MFT,1337,mes,7,0.009169802912335823
MFT,1337,mes,8,0.012060280311385174
MFT,1337,mes,9,0.0013365985102095357
MFT,1337,mes,10,0.006897542805154644
MFT,1337,semana_ano,1,0.02330528794596662
MFT,1337,semana_ano,2,0.03137556795131882
MFT,1337,semana_ano,3,0.019934669563806268
MFT,1337,semana_ano,4,0.02840840898873062
MFT,1337,semana_ano,5,0.025886434079613024
MFT,1337,semana_ano,6,0.029043324891257216
MFT,1337,semana_ano,7,0.026018238385439846
MFT,1337,semana_ano,8,0.026464360470625087
MFT,1337,semana_ano,9,0.03523441941010455
MFT,1337,semana_ano,10,0.02884838001067283
M0,2024,rank,1,0.02793631829181492
M0,2024,rank,2,0.032603385536938756
M0,2024,rank,3,0.03399739192567672
M0,2024,rank,4,0.026751719489806258
M0,2024,rank,5,0.03527179911364797
M0,2024,rank,6,0.03669743340842939
M0,2024,rank,7,0.03255768797346134
M0,2024,rank,8,0.03554831674284792
M0,2024,rank,9,0.037283820220046726
M0,2024,rank,10,0.035727177988324144
M0,2024,rank_lag1,1,0.019428000821747365
M0,2024,rank_lag1,2,0.007893542821076432
M0,2024,rank_lag1,3,0.0192660372420205
M0,2024,rank_lag1,4,0.02346820815748038
M0,2024,rank_lag1,5,0.013708309397842705
M0,2024,rank_lag1,6,0.018001876259112343
M0,2024,rank_lag1,7,0.020110291721679135
M0,2024,rank_lag1,8,0.019359561053765934
M0,2024,rank_lag1,9,0.016331406362393913
M0,2024,rank_lag1,10,0.02053342305365652
M0,2024,rank_lag2,1,0.03362833252263714
M0,2024,rank_lag2,2,0.03249131343006326
M0,2024,rank_lag2,3,0.0399512538219378
M0,2024,rank_lag2,4,0.039835744824685035
M0,2024,rank_lag2,5,0.028011819844633995
M0,2024,rank_lag2,6,0.026772195378237607
M0,2024,rank_lag2,7,0.03794104765309214
M0,2024,rank_lag2,8,0.03625759645060922
M0,2024,rank_lag2,9,0.03475251159264109
M0,2024,rank_lag2,10,0.042725763611399833
M0,2024,variacao_1s,1,0.05517514717842997
M0,2024,variacao_1s,2,0.0593545453621038
M0,2024,variacao_1s,3,0.05528020517166139
M0,2024,variacao_1s,4,0.054216639735538655
M0,2024,variacao_1s,5,0.05749308749304004
M0,2024,variacao_1s,6,0.057274150438508906
M0,2024,variacao_1s,7,0.06294020215614886
M0,2024,variacao_1s,8,0.055786241399570946
M0,2024,variacao_1s,9,0.04177107841114873
M0,2024,variacao_1s,10,0.04947847361649656
M0,2024,peak_pos,1,0.03890260322645252
M0,2024,peak_pos,2,0.0478926203353201
M0,2024,peak_pos,3,0.039628201494114626
M0,2024,peak_pos,4,0.040023909529558005
M0,2024,peak_pos,5,0.044041373233669884
M0,2024,peak_pos,6,0.04091077862429941
M0,2024,peak_pos,7,0.04594080839871438
M0,2024,peak_pos,8,0.030588313951061125
M0,2024,peak_pos,9,0.03935198204852072
M0,2024,peak_pos,10,0.0441837686120448
M0,2024,distancia_pico,1,0.015957578924490734
M0,2024,distancia_pico,2,0.0194095535527401
M0,2024,distancia_pico,3,0.024013485074091484
M0,2024,distancia_pico,4,0.008565560003902795
M0,2024,distancia_pico,5,0.023228695304158414
M0,2024,distancia_pico,6,0.025225145312871983
M0,2024,distancia_pico,7,0.014173304176374552
M0,2024,distancia_pico,8,0.02235437726951578
M0,2024,distancia_pico,9,0.018695975602364023
M0,2024,distancia_pico,10,0.01807162592134859
M0,2024,semanas_na_parada,1,0.03408620746169777
M0,2024,semanas_na_parada,2,0.02728767705348714
M0,2024,semanas_na_parada,3,0.013484507122232425
M0,2024,semanas_na_parada,4,0.011359861849135122
M0,2024,semanas_na_parada,5,0.027175587862559525
M0,2024,semanas_na_parada,6,0.024551737683500108
M0,2024,semanas_na_parada,7,0.0337824790644044
M0,2024,semanas_na_parada,8,0.01922869346797601
M0,2024,semanas_na_parada,9,0.021935838264945468
M0,2024,semanas_na_parada,10,0.025084529220223084
M0,2024,hiato_semanas,1,-0.0004493409495513745
M0,2024,hiato_semanas,2,-0.0016821116274191306
M0,2024,hiato_semanas,3,-0.0002978314102480839
M0,2024,hiato_semanas,4,0.0012997613960430143
M0,2024,hiato_semanas,5,0.0012074741249580578
M0,2024,hiato_semanas,6,0.0023422303419011747
M0,2024,hiato_semanas,7,-0.0002978314102480839
M0,2024,hiato_semanas,8,0.004639103596669053
M0,2024,hiato_semanas,9,0.0026635734428512026
M0,2024,hiato_semanas,10,-0.00028929381454873004
M0,2024,estreia,1,0.065416508395939
M0,2024,estreia,2,0.057818793263158655
M0,2024,estreia,3,0.06116739172296569
M0,2024,estreia,4,0.05487362271353306
M0,2024,estreia,5,0.05500705288309654
M0,2024,estreia,6,0.06674161679160885
M0,2024,estreia,7,0.05533053985289127
M0,2024,estreia,8,0.061057289654871214
M0,2024,estreia,9,0.05801824432578512
M0,2024,estreia,10,0.062165465596471015
M0,2024,reentrada,1,0.0062362438143250265
M0,2024,reentrada,2,0.009465087464754746
M0,2024,reentrada,3,0.006614084680522075
M0,2024,reentrada,4,0.0074595904374871735
M0,2024,reentrada,5,0.005915250504269581
M0,2024,reentrada,6,0.00535197164665166
M0,2024,reentrada,7,0.007492661945227547
M0,2024,reentrada,8,0.005400984088215127
M0,2024,reentrada,9,0.007035499309512194
M0,2024,reentrada,10,0.005913763367584091
M0,2024,radio_rank,1,0.02329837795352313
M0,2024,radio_rank,2,0.0232809890263031
M0,2024,radio_rank,3,0.013968626499773235
M0,2024,radio_rank,4,0.01571927646612109
M0,2024,radio_rank,5,0.028993992294099102
M0,2024,radio_rank,6,0.02226269992010768
M0,2024,radio_rank,7,0.00778749463609979
M0,2024,radio_rank,8,0.019068181480922958
M0,2024,radio_rank,9,0.027002590847341107
M0,2024,radio_rank,10,0.02337653390068059
M0,2024,radio_presente,1,0.015668159475290933
M0,2024,radio_presente,2,0.019428399370609722
M0,2024,radio_presente,3,0.02417838837034675
M0,2024,radio_presente,4,0.016433335114989817
M0,2024,radio_presente,5,0.028940975803880303
M0,2024,radio_presente,6,0.016187679819083672
M0,2024,radio_presente,7,0.0237443095548302
M0,2024,radio_presente,8,0.022064981079770674
M0,2024,radio_presente,9,0.021736761459801746
M0,2024,radio_presente,10,0.024611330111524332
M0,2024,streaming_rank,1,0.017031116991783946
M0,2024,streaming_rank,2,0.024525052052011886
M0,2024,streaming_rank,3,0.00980621110946614
M0,2024,streaming_rank,4,0.014169524543542117
M0,2024,streaming_rank,5,0.01393638825499477
M0,2024,streaming_rank,6,0.01756595154202789
M0,2024,streaming_rank,7,0.018955500028522032
M0,2024,streaming_rank,8,0.011143303314705866
M0,2024,streaming_rank,9,0.0182503374016402
M0,2024,streaming_rank,10,0.01597081901583486
M0,2024,streaming_presente,1,-0.002892129151536804
M0,2024,streaming_presente,2,-0.003165559978877297
M0,2024,streaming_presente,3,0.000367063511228477
M0,2024,streaming_presente,4,0.00014597449096828696
M0,2024,streaming_presente,5,-0.0004649517978581874
M0,2024,streaming_presente,6,-0.002620314940281948
M0,2024,streaming_presente,7,0.0015533502121859999
M0,2024,streaming_presente,8,0.002478133348759265
M0,2024,streaming_presente,9,-0.0009369196785771472
M0,2024,streaming_presente,10,0.004471197485731798
M0,2024,digital_rank,1,0.018813925569491657
M0,2024,digital_rank,2,0.010734646631922445
M0,2024,digital_rank,3,0.012213285437375071
M0,2024,digital_rank,4,0.01237528343270125
M0,2024,digital_rank,5,0.009890176274514023
M0,2024,digital_rank,6,0.019754102219387643
M0,2024,digital_rank,7,0.012237032962053113
M0,2024,digital_rank,8,0.016345605046827805
M0,2024,digital_rank,9,0.011355878434402833
M0,2024,digital_rank,10,0.010657003922012548
M0,2024,digital_presente,1,0.0030523794505472324
M0,2024,digital_presente,2,0.0032782633878301604
M0,2024,digital_presente,3,0.005903374057687122
M0,2024,digital_presente,4,0.00637760945711402
M0,2024,digital_presente,5,0.0001906078680133927
M0,2024,digital_presente,6,0.0037209651594664606
M0,2024,digital_presente,7,-0.0030924209167263184
M0,2024,digital_presente,8,0.005081661217898575
M0,2024,digital_presente,9,0.0020948632645713117
M0,2024,digital_presente,10,0.00999103242801308
M0,2024,album_rank,1,0.05721886970085609
M0,2024,album_rank,2,0.055237823926010995
M0,2024,album_rank,3,0.047605584355819255
M0,2024,album_rank,4,0.05098801599219263
M0,2024,album_rank,5,0.04855845332112989
M0,2024,album_rank,6,0.048175398629472
M0,2024,album_rank,7,0.05424637944936209
M0,2024,album_rank,8,0.04784357417918578
M0,2024,album_rank,9,0.0521609781286
M0,2024,album_rank,10,0.051154564865725824
M0,2024,album_presente,1,0.018950879464589815
M0,2024,album_presente,2,0.01846824651973164
M0,2024,album_presente,3,0.01358031400695267
M0,2024,album_presente,4,0.01701033982864933
M0,2024,album_presente,5,0.017165131841089365
M0,2024,album_presente,6,0.019987358154278767
M0,2024,album_presente,7,0.012024302275601528
M0,2024,album_presente,8,0.012134047526696778
M0,2024,album_presente,9,0.024159333689535573
M0,2024,album_presente,10,0.02455265105468274
M0,2024,mes,1,0.022325673864698442
M0,2024,mes,2,0.006829367523178309
M0,2024,mes,3,0.008702669692202458
M0,2024,mes,4,0.012799302309096455
M0,2024,mes,5,0.012798726192543741
M0,2024,mes,6,0.016256719444056905
M0,2024,mes,7,0.016132151303271225
M0,2024,mes,8,0.014326973850298907
M0,2024,mes,9,0.009509870920457741
M0,2024,mes,10,0.012402838359661994
M0,2024,semana_ano,1,0.017380981948984242
M0,2024,semana_ano,2,0.02449888809104539
M0,2024,semana_ano,3,0.022032807929029508
M0,2024,semana_ano,4,0.016450098858286355
M0,2024,semana_ano,5,0.016062140213449844
M0,2024,semana_ano,6,0.020288913411005305
M0,2024,semana_ano,7,0.014350447422689372
M0,2024,semana_ano,8,0.0215042639621498
M0,2024,semana_ano,9,0.019601869861297166
M0,2024,semana_ano,10,0.0192369430356851
MRT,2024,rank,1,0.0315871544869869
MRT,2024,rank,2,0.040504199784420464
MRT,2024,rank,3,0.04262083747140355
MRT,2024,rank,4,0.03733990288482114
MRT,2024,rank,5,0.039193953149717714
MRT,2024,rank,6,0.042976228526134114
MRT,2024,rank,7,0.0399460595836979
MRT,2024,rank,8,0.05042338232895721
MRT,2024,rank,9,0.042292503265124015
MRT,2024,rank,10,0.04732242884866278
MRT,2024,rank_lag1,1,0.006588948007320822
MRT,2024,rank_lag1,2,0.014593657059625703
MRT,2024,rank_lag1,3,0.014176112758221837
MRT,2024,rank_lag1,4,0.019911252353293024
MRT,2024,rank_lag1,5,0.01796250013078249
MRT,2024,rank_lag1,6,0.017230863344838254
MRT,2024,rank_lag1,7,0.021920077524250986
MRT,2024,rank_lag1,8,0.025434108242374714
MRT,2024,rank_lag1,9,0.01762309466427156
MRT,2024,rank_lag1,10,0.021725196530428342
MRT,2024,rank_lag2,1,0.03808280189155824
MRT,2024,rank_lag2,2,0.045739682488092986
MRT,2024,rank_lag2,3,0.04232585215376489
MRT,2024,rank_lag2,4,0.04914599040613446
MRT,2024,rank_lag2,5,0.036368062493410847
MRT,2024,rank_lag2,6,0.0320670714726457
MRT,2024,rank_lag2,7,0.039567199428071936
MRT,2024,rank_lag2,8,0.03191654028146923
MRT,2024,rank_lag2,9,0.03872423931010799
MRT,2024,rank_lag2,10,0.04873138440417041
MRT,2024,variacao_1s,1,0.03666520429082226
MRT,2024,variacao_1s,2,0.043499523091569126
MRT,2024,variacao_1s,3,0.05158409917464113
MRT,2024,variacao_1s,4,0.04757923538994818
MRT,2024,variacao_1s,5,0.0399475280780478
MRT,2024,variacao_1s,6,0.056123837420946024
MRT,2024,variacao_1s,7,0.04489619199690695
MRT,2024,variacao_1s,8,0.04395730479331722
MRT,2024,variacao_1s,9,0.03280989066074386
MRT,2024,variacao_1s,10,0.039098432387920795
MRT,2024,peak_pos,1,0.051629833094709254
MRT,2024,peak_pos,2,0.0651919738793754
MRT,2024,peak_pos,3,0.05032872897683868
MRT,2024,peak_pos,4,0.055846283476010006
MRT,2024,peak_pos,5,0.05237691686339188
MRT,2024,peak_pos,6,0.05630638781061084
MRT,2024,peak_pos,7,0.05675625650031109
MRT,2024,peak_pos,8,0.0472776397765336
MRT,2024,peak_pos,9,0.0579534207772109
MRT,2024,peak_pos,10,0.05566688618514248
MRT,2024,distancia_pico,1,0.020664514227505204
MRT,2024,distancia_pico,2,0.023724045661362103
MRT,2024,distancia_pico,3,0.015016618849115898
MRT,2024,distancia_pico,4,0.011669179627075033
MRT,2024,distancia_pico,5,0.017962085040128917
MRT,2024,distancia_pico,6,0.02803193175760474
MRT,2024,distancia_pico,7,0.014710923558329259
MRT,2024,distancia_pico,8,0.02445290115301979
MRT,2024,distancia_pico,9,0.018851667077971646
MRT,2024,distancia_pico,10,0.023244812595600517
MRT,2024,semanas_na_parada,1,0.035750020948095235
MRT,2024,semanas_na_parada,2,0.031934904078552706
MRT,2024,semanas_na_parada,3,0.02441654362781298
MRT,2024,semanas_na_parada,4,0.02008187563650396
MRT,2024,semanas_na_parada,5,0.031156574650442165
MRT,2024,semanas_na_parada,6,0.027954275117773847
MRT,2024,semanas_na_parada,7,0.03648767498354122
MRT,2024,semanas_na_parada,8,0.027090135290039563
MRT,2024,semanas_na_parada,9,0.01732582521869283
MRT,2024,semanas_na_parada,10,0.03405019200613976
MRT,2024,hiato_semanas,1,0.0031089595988517127
MRT,2024,hiato_semanas,2,0.0022874984728215864
MRT,2024,hiato_semanas,3,0.0033184597876310673
MRT,2024,hiato_semanas,4,0.003163442775930142
MRT,2024,hiato_semanas,5,0.00398633059948314
MRT,2024,hiato_semanas,6,0.0030463206359160333
MRT,2024,hiato_semanas,7,0.0008045078217102375
MRT,2024,hiato_semanas,8,0.005639455485663303
MRT,2024,hiato_semanas,9,0.00398633059948314
MRT,2024,hiato_semanas,10,0.0028221880006926714
MRT,2024,estreia,1,0.040075292834815174
MRT,2024,estreia,2,0.03149972479956392
MRT,2024,estreia,3,0.03922151100495774
MRT,2024,estreia,4,0.03927279935102135
MRT,2024,estreia,5,0.03482369707816804
MRT,2024,estreia,6,0.045380011533286135
MRT,2024,estreia,7,0.029044821778368424
MRT,2024,estreia,8,0.03871685605250358
MRT,2024,estreia,9,0.031180668476928602
MRT,2024,estreia,10,0.03606636412475739
MRT,2024,reentrada,1,0.01154807252628956
MRT,2024,reentrada,2,0.013311890150386668
MRT,2024,reentrada,3,0.010761378348431938
MRT,2024,reentrada,4,0.01174804097802648
MRT,2024,reentrada,5,0.0111311769470058
MRT,2024,reentrada,6,0.012880493099835466
MRT,2024,reentrada,7,0.010478555117063665
MRT,2024,reentrada,8,0.014657701057609579
MRT,2024,reentrada,9,0.013323616310372433
MRT,2024,reentrada,10,0.008881970706162812
MRT,2024,radio_rank,1,0.03463175416557146
MRT,2024,radio_rank,2,0.035730037740876935
MRT,2024,radio_rank,3,0.032172342495322276
MRT,2024,radio_rank,4,0.018414340901494602
MRT,2024,radio_rank,5,0.02846212646837651
MRT,2024,radio_rank,6,0.03637842725660695
MRT,2024,radio_rank,7,0.025137592543313908
MRT,2024,radio_rank,8,0.025565716708190883
MRT,2024,radio_rank,9,0.03595203080420556
MRT,2024,radio_rank,10,0.035792080501288986
MRT,2024,radio_presente,1,-0.000855519734129867
MRT,2024,radio_presente,2,0.006170750034892952
MRT,2024,radio_presente,3,0.012731406483765834
MRT,2024,radio_presente,4,0.006001077620582385
MRT,2024,radio_presente,5,0.010680165801256719
MRT,2024,radio_presente,6,0.012370770400199516
MRT,2024,radio_presente,7,0.020702726505888752
MRT,2024,radio_presente,8,0.01427598426146981
MRT,2024,radio_presente,9,0.013995521268381328
MRT,2024,radio_presente,10,0.00686726586120423
MRT,2024,streaming_rank,1,0.024343132330785888
MRT,2024,streaming_rank,2,0.02091339207329751
MRT,2024,streaming_rank,3,0.02265003135246768
MRT,2024,streaming_rank,4,0.018293989221215695
MRT,2024,streaming_rank,5,0.018810070601334355
MRT,2024,streaming_rank,6,0.02081761034348989
MRT,2024,streaming_rank,7,0.02856323667018587
MRT,2024,streaming_rank,8,0.021389413180871814
MRT,2024,streaming_rank,9,0.02089306624848508
MRT,2024,streaming_rank,10,0.022618472668131967
MRT,2024,streaming_presente,1,0.00250392345430156
MRT,2024,streaming_presente,2,0.014161651045705992
MRT,2024,streaming_presente,3,0.011463476172381887
MRT,2024,streaming_presente,4,0.010414393587739434
MRT,2024,streaming_presente,5,0.00898540470615386
MRT,2024,streaming_presente,6,0.004331378827544002
MRT,2024,streaming_presente,7,0.001673754426792684
MRT,2024,streaming_presente,8,0.012075452039132517
MRT,2024,streaming_presente,9,0.007852390471255133
MRT,2024,streaming_presente,10,0.012336692455401727
MRT,2024,digital_rank,1,0.011509705987930496
MRT,2024,digital_rank,2,0.008816737871238961
MRT,2024,digital_rank,3,0.00963661051194925
MRT,2024,digital_rank,4,0.005208833033003429
MRT,2024,digital_rank,5,0.008642981552676371
MRT,2024,digital_rank,6,0.014263272253205811
MRT,2024,digital_rank,7,0.015156484098054424
MRT,2024,digital_rank,8,0.012477689893264199
MRT,2024,digital_rank,9,0.009819207575795269
MRT,2024,digital_rank,10,0.004378435407249831
MRT,2024,digital_presente,1,0.002485731822499365
MRT,2024,digital_presente,2,0.006457195332056076
MRT,2024,digital_presente,3,0.004341297460893012
MRT,2024,digital_presente,4,-0.0037013667256388383
MRT,2024,digital_presente,5,0.0036859477822416
MRT,2024,digital_presente,6,0.0021915369879549895
MRT,2024,digital_presente,7,0.007631175907343191
MRT,2024,digital_presente,8,0.0064717233106377225
MRT,2024,digital_presente,9,0.004716391118561064
MRT,2024,digital_presente,10,0.006357677137156487
MRT,2024,album_rank,1,0.06427593489631317
MRT,2024,album_rank,2,0.057492553742939476
MRT,2024,album_rank,3,0.04855423294735475
MRT,2024,album_rank,4,0.06296750859375669
MRT,2024,album_rank,5,0.055050603051605224
MRT,2024,album_rank,6,0.047125573389151215
MRT,2024,album_rank,7,0.07003010434051032
MRT,2024,album_rank,8,0.06402571099629853
MRT,2024,album_rank,9,0.06014008849339922
MRT,2024,album_rank,10,0.06043109258699661
MRT,2024,album_presente,1,0.034322703843101515
MRT,2024,album_presente,2,0.02980116951509204
MRT,2024,album_presente,3,0.02284059544298392
MRT,2024,album_presente,4,0.03242791478859927
MRT,2024,album_presente,5,0.03297633489103072
MRT,2024,album_presente,6,0.02585553445524677
MRT,2024,album_presente,7,0.028063497645537366
MRT,2024,album_presente,8,0.0232641638686113
MRT,2024,album_presente,9,0.024493200433981427
MRT,2024,album_presente,10,0.028383498860598322
MRT,2024,mes,1,0.005410636399306862
MRT,2024,mes,2,-0.0018286041132357655
MRT,2024,mes,3,-0.008269110226624493
MRT,2024,mes,4,0.00017629861352783105
MRT,2024,mes,5,0.006260279237178451
MRT,2024,mes,6,-0.0007204795046257539
MRT,2024,mes,7,-0.0029538071915658215
MRT,2024,mes,8,-0.003250936886107031
MRT,2024,mes,9,-0.004305952186217821
MRT,2024,mes,10,-0.003719992381258419
MRT,2024,semana_ano,1,0.03711430802005508
MRT,2024,semana_ano,2,0.048840403738182325
MRT,2024,semana_ano,3,0.03682899056310204
MRT,2024,semana_ano,4,0.04429829782526348
MRT,2024,semana_ano,5,0.04156497520204294
MRT,2024,semana_ano,6,0.04366790237513635
MRT,2024,semana_ano,7,0.04642742995397814
MRT,2024,semana_ano,8,0.040595243808606435
MRT,2024,semana_ano,9,0.043519906340315356
MRT,2024,semana_ano,10,0.04592438042815594
MREC,2024,rank,1,0.022009289716195174
MREC,2024,rank,2,0.024477260553932373
MREC,2024,rank,3,0.023675438231707924
MREC,2024,rank,4,0.02053193632551334
MREC,2024,rank,5,0.015765137761100334
MREC,2024,rank,6,0.018448407108519416
MREC,2024,rank,7,0.013676188802163897
MREC,2024,rank,8,0.02923821681884478
MREC,2024,rank,9,0.019738605014234217
MREC,2024,rank,10,0.02315018182784198
MREC,2024,rank_lag1,1,0.002567658338692158
MREC,2024,rank_lag1,2,0.009614590563345293
MREC,2024,rank_lag1,3,-0.00136327752522028
MREC,2024,rank_lag1,4,0.004077298679716679
MREC,2024,rank_lag1,5,0.0046503699648241525
MREC,2024,rank_lag1,6,0.005801515352167358
MREC,2024,rank_lag1,7,0.0020549400516291227
MREC,2024,rank_lag1,8,0.005519290250377257
MREC,2024,rank_lag1,9,0.007588681709883943
MREC,2024,rank_lag1,10,-0.003382681651907804
MREC,2024,rank_lag2,1,0.03849257144768725
MREC,2024,rank_lag2,2,0.03405867851915459
MREC,2024,rank_lag2,3,0.03305799658894007
MREC,2024,rank_lag2,4,0.03342864525029568
MREC,2024,rank_lag2,5,0.03673714694322064
MREC,2024,rank_lag2,6,0.02276431838628684
MREC,2024,rank_lag2,7,0.027293486136983874
MREC,2024,rank_lag2,8,0.038810292863363155
MREC,2024,rank_lag2,9,0.03128537059794101
MREC,2024,rank_lag2,10,0.03479172588370005
MREC,2024,variacao_1s,1,0.06023178127921276
MREC,2024,variacao_1s,2,0.06431949287719735
MREC,2024,variacao_1s,3,0.06682023859360676
MREC,2024,variacao_1s,4,0.05003144928152589
MREC,2024,variacao_1s,5,0.05931693368174819
MREC,2024,variacao_1s,6,0.06769132259122158
MREC,2024,variacao_1s,7,0.07068333503164315
MREC,2024,variacao_1s,8,0.06274327201481747
MREC,2024,variacao_1s,9,0.05887751905468881
MREC,2024,variacao_1s,10,0.05517492329756503
MREC,2024,peak_pos,1,0.06421938595825748
MREC,2024,peak_pos,2,0.0643225973776301
MREC,2024,peak_pos,3,0.06758999940882002
MREC,2024,peak_pos,4,0.06786139975715104
MREC,2024,peak_pos,5,0.06744085039848546
MREC,2024,peak_pos,6,0.06882430950278455
MREC,2024,peak_pos,7,0.07117999458236791
MREC,2024,peak_pos,8,0.06942883941388404
MREC,2024,peak_pos,9,0.07159026079267099
MREC,2024,peak_pos,10,0.06412715527891331
MREC,2024,distancia_pico,1,0.03854980515412773
MREC,2024,distancia_pico,2,0.04556160877995938
MREC,2024,distancia_pico,3,0.039735145758147516
MREC,2024,distancia_pico,4,0.03671544341629071
MREC,2024,distancia_pico,5,0.03463388214476851
MREC,2024,distancia_pico,6,0.04309134808278253
MREC,2024,distancia_pico,7,0.03356240550300382
MREC,2024,distancia_pico,8,0.029551144182898004
MREC,2024,distancia_pico,9,0.037816784439318546
MREC,2024,distancia_pico,10,0.029364293431565575
MREC,2024,semanas_na_parada,1,0.05948026000601611
MREC,2024,semanas_na_parada,2,0.0517923041269257
MREC,2024,semanas_na_parada,3,0.040307327069220494
MREC,2024,semanas_na_parada,4,0.03750270281147414
MREC,2024,semanas_na_parada,5,0.04346931901428214
MREC,2024,semanas_na_parada,6,0.03392160710880912
MREC,2024,semanas_na_parada,7,0.04465019988971558
MREC,2024,semanas_na_parada,8,0.0474671712607419
MREC,2024,semanas_na_parada,9,0.03727016397228519
MREC,2024,semanas_na_parada,10,0.039100243489188585
MREC,2024,hiato_semanas,1,0.0015741937408074447
MREC,2024,hiato_semanas,2,0.005963995046814441
MREC,2024,hiato_semanas,3,0.003556241389129744
MREC,2024,hiato_semanas,4,0.0014072097460327004
MREC,2024,hiato_semanas,5,0.004791491624439148
MREC,2024,hiato_semanas,6,0.004955627353962627
MREC,2024,hiato_semanas,7,0.002312746787560188
MREC,2024,hiato_semanas,8,0.0014839434811952934
MREC,2024,hiato_semanas,9,0.0048814815336976625
MREC,2024,hiato_semanas,10,0.0017321741913040312
MREC,2024,estreia,1,0.03841612335783884
MREC,2024,estreia,2,0.036897890637023645
MREC,2024,estreia,3,0.043999758835193026
MREC,2024,estreia,4,0.0350179459815535
MREC,2024,estreia,5,0.03741411075080234
MREC,2024,estreia,6,0.0415873674527765
MREC,2024,estreia,7,0.024511924972547644
MREC,2024,estreia,8,0.04260903529660681
MREC,2024,estreia,9,0.03269648027138772
MREC,2024,estreia,10,0.035725222426036485
MREC,2024,reentrada,1,0.010912181432816165
MREC,2024,reentrada,2,0.011243225290753694
MREC,2024,reentrada,3,0.01132948612560572
MREC,2024,reentrada,4,0.014389854004059344
MREC,2024,reentrada,5,0.011334199285132879
MREC,2024,reentrada,6,0.012426853561189027
MREC,2024,reentrada,7,0.009050545228995038
MREC,2024,reentrada,8,0.012166879285291726
MREC,2024,reentrada,9,0.011497118748450552
MREC,2024,reentrada,10,0.01201046403839845
MREC,2024,radio_rank,1,0.04209299558533597
MREC,2024,radio_rank,2,0.035231732282664185
MREC,2024,radio_rank,3,0.02531211776839365
MREC,2024,radio_rank,4,0.02572455803894974
MREC,2024,radio_rank,5,0.03294369431671251
MREC,2024,radio_rank,6,0.028457779234925623
MREC,2024,radio_rank,7,0.025610620790775335
MREC,2024,radio_rank,8,0.03424650156697573
MREC,2024,radio_rank,9,0.028085566298184206
MREC,2024,radio_rank,10,0.017958331513889397
MREC,2024,radio_presente,1,0.02949389476976705
MREC,2024,radio_presente,2,0.011951907025096908
MREC,2024,radio_presente,3,0.019795198897309796
MREC,2024,radio_presente,4,0.020838241271198266
MREC,2024,radio_presente,5,0.028569455549095263
MREC,2024,radio_presente,6,0.023760047756042763
MREC,2024,radio_presente,7,0.02527010505647384
MREC,2024,radio_presente,8,0.020228633934155665
MREC,2024,radio_presente,9,0.026280104778382135
MREC,2024,radio_presente,10,0.022732293989658425
MREC,2024,streaming_rank,1,0.033544201696073445
MREC,2024,streaming_rank,2,0.03139406358884683
MREC,2024,streaming_rank,3,0.028079661679585144
MREC,2024,streaming_rank,4,0.031796040755261074
MREC,2024,streaming_rank,5,0.02535419343818121
MREC,2024,streaming_rank,6,0.03204935431545691
MREC,2024,streaming_rank,7,0.028117369350658505
MREC,2024,streaming_rank,8,0.029474818200975333
MREC,2024,streaming_rank,9,0.03799943647668766
MREC,2024,streaming_rank,10,0.032220334518846594
MREC,2024,streaming_presente,1,0.006816645289260542
MREC,2024,streaming_presente,2,0.00047615602268305524
MREC,2024,streaming_presente,3,0.006517728089520114
MREC,2024,streaming_presente,4,-0.0038110906548989854
MREC,2024,streaming_presente,5,-0.0030068689487372235
MREC,2024,streaming_presente,6,0.010031723441783241
MREC,2024,streaming_presente,7,-0.005758014598503336
MREC,2024,streaming_presente,8,0.002267450362686413
MREC,2024,streaming_presente,9,0.005932415193460799
MREC,2024,streaming_presente,10,0.0023611500258628737
MREC,2024,digital_rank,1,0.014249607622715266
MREC,2024,digital_rank,2,0.005505439525878425
MREC,2024,digital_rank,3,0.017184562367568462
MREC,2024,digital_rank,4,0.005710688354080867
MREC,2024,digital_rank,5,0.008936891686520981
MREC,2024,digital_rank,6,0.008860646916271725
MREC,2024,digital_rank,7,0.006035872554238514
MREC,2024,digital_rank,8,0.005152749819822999
MREC,2024,digital_rank,9,0.007327392838889196
MREC,2024,digital_rank,10,0.004925558828763443
MREC,2024,digital_presente,1,0.0013274437589537724
MREC,2024,digital_presente,2,0.002906419361295265
MREC,2024,digital_presente,3,0.0017017795061371466
MREC,2024,digital_presente,4,0.00016546422165070185
MREC,2024,digital_presente,5,0.0018927424738892917
MREC,2024,digital_presente,6,0.002670945820026721
MREC,2024,digital_presente,7,-0.0013036060808689354
MREC,2024,digital_presente,8,0.003408913203802766
MREC,2024,digital_presente,9,-0.0011845554015484927
MREC,2024,digital_presente,10,-0.0024970213720103274
MREC,2024,album_rank,1,0.04922802503490359
MREC,2024,album_rank,2,0.044847163319955585
MREC,2024,album_rank,3,0.043234696623108027
MREC,2024,album_rank,4,0.04413602145884163
MREC,2024,album_rank,5,0.047180432719717696
MREC,2024,album_rank,6,0.04840609574093224
MREC,2024,album_rank,7,0.06611875736729664
MREC,2024,album_rank,8,0.054296268592917876
MREC,2024,album_rank,9,0.04107471171512295
MREC,2024,album_rank,10,0.04636814814976714
MREC,2024,album_presente,1,0.0292378693146243
MREC,2024,album_presente,2,0.025305860457256246
MREC,2024,album_presente,3,0.008666786445399255
MREC,2024,album_presente,4,0.025536085872314956
MREC,2024,album_presente,5,0.024833636614997212
MREC,2024,album_presente,6,0.020632071819655956
MREC,2024,album_presente,7,0.020193106179279274
MREC,2024,album_presente,8,0.021407341713257283
MREC,2024,album_presente,9,0.01930357430183402
MREC,2024,album_presente,10,0.01800701305833105
MREC,2024,mes,1,0.0065680184673125586
MREC,2024,mes,2,0.007498606815505071
MREC,2024,mes,3,0.0014623527917399792
MREC,2024,mes,4,0.008281822704922975
MREC,2024,mes,5,0.007634602574228155
MREC,2024,mes,6,0.0008303059659144352
MREC,2024,mes,7,0.011396149418571533
MREC,2024,mes,8,0.0007444520063911719
MREC,2024,mes,9,0.009482248015834555
MREC,2024,mes,10,0.0005588718943725646
MREC,2024,semana_ano,1,0.027348891905070755
MREC,2024,semana_ano,2,0.031396844963309634
MREC,2024,semana_ano,3,0.043730836735179746
MREC,2024,semana_ano,4,0.02834377186003878
MREC,2024,semana_ano,5,0.02694551202828538
MREC,2024,semana_ano,6,0.021422647062325495
MREC,2024,semana_ano,7,0.025286068535440076
MREC,2024,semana_ano,8,0.027115382874876637
MREC,2024,semana_ano,9,0.03747789066543361
MREC,2024,semana_ano,10,0.02996425964141472
MFT,2024,rank,1,0.025858649180617616
MFT,2024,rank,2,0.033321590068093626
MFT,2024,rank,3,0.025362508910904635
MFT,2024,rank,4,0.026069724961822527
MFT,2024,rank,5,0.026173235080007157
MFT,2024,rank,6,0.03515747636765293
MFT,2024,rank,7,0.033687807532914144
MFT,2024,rank,8,0.036646807154494004
MFT,2024,rank,9,0.0355615168345359
MFT,2024,rank,10,0.03922631903885422
MFT,2024,rank_lag1,1,0.01228078816839881
MFT,2024,rank_lag1,2,-0.0016768689687849392
MFT,2024,rank_lag1,3,-0.00011609928643310785
MFT,2024,rank_lag1,4,0.01918034212599623
MFT,2024,rank_lag1,5,0.005183245385208729
MFT,2024,rank_lag1,6,0.006938693221750558
MFT,2024,rank_lag1,7,0.006000299673227211
MFT,2024,rank_lag1,8,0.017118447254230923
MFT,2024,rank_lag1,9,0.003821003586503696
MFT,2024,rank_lag1,10,0.011462015465641961
MFT,2024,rank_lag2,1,0.039080960373813325
MFT,2024,rank_lag2,2,0.03171444327109621
MFT,2024,rank_lag2,3,0.03682745523903039
MFT,2024,rank_lag2,4,0.03782840419795168
MFT,2024,rank_lag2,5,0.02892461099971466
MFT,2024,rank_lag2,6,0.02139969315713766
MFT,2024,rank_lag2,7,0.029787431098231315
MFT,2024,rank_lag2,8,0.03370571195013386
MFT,2024,rank_lag2,9,0.034081776530969665
MFT,2024,rank_lag2,10,0.034014636853853475
MFT,2024,variacao_1s,1,0.055227716139258795
MFT,2024,variacao_1s,2,0.05006153484348981
MFT,2024,variacao_1s,3,0.05495603956894489
MFT,2024,variacao_1s,4,0.04482948112263442
MFT,2024,variacao_1s,5,0.046834080186535634
MFT,2024,variacao_1s,6,0.062319701556137835
MFT,2024,variacao_1s,7,0.058182084434940134
MFT,2024,variacao_1s,8,0.04844677541997547
MFT,2024,variacao_1s,9,0.03892315832123709
MFT,2024,variacao_1s,10,0.05484656048510836
MFT,2024,peak_pos,1,0.042166874439923285
MFT,2024,peak_pos,2,0.045981482552008124
MFT,2024,peak_pos,3,0.04625832937595843
MFT,2024,peak_pos,4,0.04297500455047916
MFT,2024,peak_pos,5,0.044460823150205955
MFT,2024,peak_pos,6,0.04969778662823096
MFT,2024,peak_pos,7,0.0478385817896889
MFT,2024,peak_pos,8,0.042830486566031084
MFT,2024,peak_pos,9,0.042482781157176075
MFT,2024,peak_pos,10,0.052179583635528326
MFT,2024,distancia_pico,1,0.022890372662222352
MFT,2024,distancia_pico,2,0.018575800024929423
MFT,2024,distancia_pico,3,0.016473326379358888
MFT,2024,distancia_pico,4,0.016165031147569814
MFT,2024,distancia_pico,5,0.014339834920712835
MFT,2024,distancia_pico,6,0.019981047996524726
MFT,2024,distancia_pico,7,0.013852624602001984
MFT,2024,distancia_pico,8,0.01782726806471155
MFT,2024,distancia_pico,9,0.02159794770272422
MFT,2024,distancia_pico,10,0.02491864020157472
MFT,2024,semanas_na_parada,1,0.03059525585478992
MFT,2024,semanas_na_parada,2,0.031239976523919577
MFT,2024,semanas_na_parada,3,0.01761920816644094
MFT,2024,semanas_na_parada,4,0.023443701471361184
MFT,2024,semanas_na_parada,5,0.023925458143355588
MFT,2024,semanas_na_parada,6,0.025298855312563595
MFT,2024,semanas_na_parada,7,0.04134450466236393
MFT,2024,semanas_na_parada,8,0.027924519386293256
MFT,2024,semanas_na_parada,9,0.023644457993040158
MFT,2024,semanas_na_parada,10,0.025005298877518234
MFT,2024,hiato_semanas,1,0.0016673722114412537
MFT,2024,hiato_semanas,2,0.0019217835170508846
MFT,2024,hiato_semanas,3,0.004268610105386206
MFT,2024,hiato_semanas,4,0.0003635930401252596
MFT,2024,hiato_semanas,5,0.003830036890115157
MFT,2024,hiato_semanas,6,0.002698952337583882
MFT,2024,hiato_semanas,7,-0.001021060070446056
MFT,2024,hiato_semanas,8,0.003313065738649812
MFT,2024,hiato_semanas,9,0.002879707396894249
MFT,2024,hiato_semanas,10,0.002522445773210563
MFT,2024,estreia,1,0.045343766899056115
MFT,2024,estreia,2,0.03444681328692764
MFT,2024,estreia,3,0.04810764218410478
MFT,2024,estreia,4,0.041056486023625965
MFT,2024,estreia,5,0.03755605765705286
MFT,2024,estreia,6,0.047943883879855986
MFT,2024,estreia,7,0.03196789134314215
MFT,2024,estreia,8,0.0432744291418843
MFT,2024,estreia,9,0.03572789286454947
MFT,2024,estreia,10,0.04411408705513377
MFT,2024,reentrada,1,0.010265520271859646
MFT,2024,reentrada,2,0.014159854849434161
MFT,2024,reentrada,3,0.011099881950307922
MFT,2024,reentrada,4,0.010589847989304096
MFT,2024,reentrada,5,0.009459764435446855
MFT,2024,reentrada,6,0.00904758980009035
MFT,2024,reentrada,7,0.00973142837921362
MFT,2024,reentrada,8,0.008941207064884299
MFT,2024,reentrada,9,0.01136977651293894
MFT,2024,reentrada,10,0.009505054734127022
MFT,2024,radio_rank,1,0.03977465195423241
MFT,2024,radio_rank,2,0.03440539817211585
MFT,2024,radio_rank,3,0.030181694542074533
MFT,2024,radio_rank,4,0.02926784690264056
MFT,2024,radio_rank,5,0.041455409436644
MFT,2024,radio_rank,6,0.032486068683065944
MFT,2024,radio_rank,7,0.03071543960298015
MFT,2024,radio_rank,8,0.03440367667603414
MFT,2024,radio_rank,9,0.03838257869561203
MFT,2024,radio_rank,10,0.030725803530121526
MFT,2024,radio_presente,1,0.009269847269342518
MFT,2024,radio_presente,2,0.009144755480310324
MFT,2024,radio_presente,3,0.013111993284103923
MFT,2024,radio_presente,4,0.007494512910288048
MFT,2024,radio_presente,5,0.018006495270533274
MFT,2024,radio_presente,6,0.011326564698419195
MFT,2024,radio_presente,7,0.011848494312955926
MFT,2024,radio_presente,8,0.009664807709060835
MFT,2024,radio_presente,9,0.006961195328226116
MFT,2024,radio_presente,10,0.01230695958168393
MFT,2024,streaming_rank,1,0.013494697110833315
MFT,2024,streaming_rank,2,0.01852070439593448
MFT,2024,streaming_rank,3,0.017293601446385226
MFT,2024,streaming_rank,4,0.016728543337123924
MFT,2024,streaming_rank,5,0.01030181323422838
MFT,2024,streaming_rank,6,0.018418518244768284
MFT,2024,streaming_rank,7,0.016926223219484504
MFT,2024,streaming_rank,8,0.018616954387158546
MFT,2024,streaming_rank,9,0.017065879605588058
MFT,2024,streaming_rank,10,0.013899326508139687
MFT,2024,streaming_presente,1,0.007919249706302756
MFT,2024,streaming_presente,2,0.0015486314893688458
MFT,2024,streaming_presente,3,0.0055490964527936115
MFT,2024,streaming_presente,4,0.00021635108920772805
MFT,2024,streaming_presente,5,0.003296693702472986
MFT,2024,streaming_presente,6,0.0043932772583197555
MFT,2024,streaming_presente,7,0.0036413304808406155
MFT,2024,streaming_presente,8,0.003924068696009031
MFT,2024,streaming_presente,9,0.006967333438180928
MFT,2024,streaming_presente,10,0.0022816629478408235
MFT,2024,digital_rank,1,0.01626924785608211
MFT,2024,digital_rank,2,0.013412912727422455
MFT,2024,digital_rank,3,0.005624757528181978
MFT,2024,digital_rank,4,0.004989786475745689
MFT,2024,digital_rank,5,0.014314912774880173
MFT,2024,digital_rank,6,0.012238800388849586
MFT,2024,digital_rank,7,0.010448719629657904
MFT,2024,digital_rank,8,0.008303776870602658
MFT,2024,digital_rank,9,0.007492063397614518
MFT,2024,digital_rank,10,0.005012482932314405
MFT,2024,digital_presente,1,0.004866704234874425
MFT,2024,digital_presente,2,0.00951436791652524
MFT,2024,digital_presente,3,0.004284975108813094
MFT,2024,digital_presente,4,-0.0009834030781972203
MFT,2024,digital_presente,5,0.006446044648396515
MFT,2024,digital_presente,6,-0.0008838876760456638
MFT,2024,digital_presente,7,0.0031794440767668464
MFT,2024,digital_presente,8,-0.0008185944031999792
MFT,2024,digital_presente,9,0.0038085711515696563
MFT,2024,digital_presente,10,0.008026434207842437
MFT,2024,album_rank,1,0.04296933299458319
MFT,2024,album_rank,2,0.03553053124653638
MFT,2024,album_rank,3,0.024304674430805695
MFT,2024,album_rank,4,0.03913045859565477
MFT,2024,album_rank,5,0.03451020774186084
MFT,2024,album_rank,6,0.026674867587365148
MFT,2024,album_rank,7,0.04197273441010406
MFT,2024,album_rank,8,0.037097142402301914
MFT,2024,album_rank,9,0.03378507987425733
MFT,2024,album_rank,10,0.0393327768722984
MFT,2024,album_presente,1,0.009551791366552237
MFT,2024,album_presente,2,0.011903612703394462
MFT,2024,album_presente,3,0.009698525952122339
MFT,2024,album_presente,4,0.014979315954318562
MFT,2024,album_presente,5,0.017207755876203934
MFT,2024,album_presente,6,0.008294274272050733
MFT,2024,album_presente,7,0.016193087039839738
MFT,2024,album_presente,8,0.009787089435703139
MFT,2024,album_presente,9,0.019623234496405767
MFT,2024,album_presente,10,0.02230738342699551
MFT,2024,mes,1,0.028133965586850662
MFT,2024,mes,2,0.009456608695025626
MFT,2024,mes,3,0.01791042613437574
MFT,2024,mes,4,0.020442761202588616
MFT,2024,mes,5,0.027690179900717204
MFT,2024,mes,6,0.017733126559591805
MFT,2024,mes,7,0.018675761305111616
MFT,2024,mes,8,0.019607770333719493
MFT,2024,mes,9,0.009666285151050308
MFT,2024,mes,10,0.01688583506478533
MFT,2024,semana_ano,1,0.025780872075095412
MFT,2024,semana_ano,2,0.03850149731428562
MFT,2024,semana_ano,3,0.03214060365365301
MFT,2024,semana_ano,4,0.02576219567713578
MFT,2024,semana_ano,5,0.02796615324682286
MFT,2024,semana_ano,6,0.039889988804617374
MFT,2024,semana_ano,7,0.03225797316534404
MFT,2024,semana_ano,8,0.0337239839604134
MFT,2024,semana_ano,9,0.03489355215979403
MFT,2024,semana_ano,10,0.03310623999029283
